atom_id,uc_id,type,FeO_coord_used,threshold,is_surface_after_pbc,total_nn,pbc_nn,x,y,z
0,0,FeA,0,4,0,4,4,0,0,56.64
1,0,FeA,0,4,0,5,5,3.54,0,56.64
2,0,FeA,0,4,0,5,5,7.08,0,56.64
3,0,FeA,0,4,0,5,5,10.62,0,56.64
4,0,FeA,0,4,0,5,5,14.16,0,56.64
5,0,FeA,0,4,0,5,5,17.7,0,56.64
6,0,FeA,0,4,0,5,5,21.24,0,56.64
7,0,FeA,0,4,0,5,5,24.78,0,56.64
8,0,FeA,0,4,0,5,5,28.32,0,56.64
9,0,FeA,0,4,0,5,5,31.86,0,56.64
10,0,FeA,0,4,0,5,5,35.4,0,56.64
11,0,FeA,0,4,0,5,5,38.94,0,56.64
12,0,FeA,0,4,0,5,5,42.48,0,56.64
13,0,FeA,0,4,0,5,5,46.02,0,56.64
14,0,FeA,0,4,0,5,5,49.56,0,56.64
15,0,FeA,0,4,0,5,5,53.1,0,56.64
16,0,FeA,0,4,0,5,5,56.64,0,56.64
17,0,FeA,0,4,0,5,5,60.18,0,56.64
18,0,FeA,0,4,0,5,5,63.72,0,56.64
19,0,FeA,0,4,0,5,5,67.26,0,56.64
20,0,FeA,0,4,0,5,5,70.8,0,56.64
21,0,FeA,0,4,0,4,4,74.34,0,56.64
22,0,FeA,0,4,0,5,5,0,3.54,56.64
23,0,FeA,0,4,0,6,6,3.54,3.54,56.64
24,0,FeA,0,4,0,6,6,7.08,3.54,56.64
25,0,FeA,0,4,0,6,6,10.62,3.54,56.64
26,0,FeA,0,4,0,6,6,14.16,3.54,56.64
27,0,FeA,0,4,0,6,6,17.7,3.54,56.64
28,0,FeA,0,4,0,6,6,21.24,3.54,56.64
29,0,FeA,0,4,0,6,6,24.78,3.54,56.64
30,0,FeA,0,4,0,6,6,28.32,3.54,56.64
31,0,FeA,0,4,0,6,6,31.86,3.54,56.64
32,0,FeA,0,4,0,6,6,35.4,3.54,56.64
33,0,FeA,0,4,0,6,6,38.94,3.54,56.64
34,0,FeA,0,4,0,6,6,42.48,3.54,56.64
35,0,FeA,0,4,0,6,6,46.02,3.54,56.64
36,0,FeA,0,4,0,6,6,49.56,3.54,56.64
37,0,FeA,0,4,0,6,6,53.1,3.54,56.64
38,0,FeA,0,4,0,6,6,56.64,3.54,56.64
39,0,FeA,0,4,0,6,6,60.18,3.54,56.64
40,0,FeA,0,4,0,6,6,63.72,3.54,56.64
41,0,FeA,0,4,0,6,6,67.26,3.54,56.64
42,0,FeA,0,4,0,6,6,70.8,3.54,56.64
43,0,FeA,0,4,0,5,5,74.34,3.54,56.64
44,0,FeA,0,4,0,5,5,0,7.08,56.64
45,0,FeA,0,4,0,6,6,3.54,7.08,56.64
46,0,FeA,0,4,0,6,6,7.08,7.08,56.64
47,0,FeA,0,4,0,6,6,10.62,7.08,56.64
48,0,FeA,0,4,0,6,6,14.16,7.08,56.64
49,0,FeA,0,4,0,6,6,17.7,7.08,56.64
50,0,FeA,0,4,0,6,6,21.24,7.08,56.64
51,0,FeA,0,4,0,6,6,24.78,7.08,56.64
52,0,FeA,0,4,0,6,6,28.32,7.08,56.64
53,0,FeA,0,4,0,6,6,31.86,7.08,56.64
54,0,FeA,0,4,0,6,6,35.4,7.08,56.64
55,0,FeA,0,4,0,6,6,38.94,7.08,56.64
56,0,FeA,0,4,0,6,6,42.48,7.08,56.64
57,0,FeA,0,4,0,6,6,46.02,7.08,56.64
58,0,FeA,0,4,0,6,6,49.56,7.08,56.64
59,0,FeA,0,4,0,6,6,53.1,7.08,56.64
60,0,FeA,0,4,0,6,6,56.64,7.08,56.64
61,0,FeA,0,4,0,6,6,60.18,7.08,56.64
62,0,FeA,0,4,0,6,6,63.72,7.08,56.64
63,0,FeA,0,4,0,6,6,67.26,7.08,56.64
64,0,FeA,0,4,0,6,6,70.8,7.08,56.64
65,0,FeA,0,4,0,5,5,74.34,7.08,56.64
66,0,FeA,0,4,0,5,5,0,10.62,56.64
67,0,FeA,0,4,0,6,6,3.54,10.62,56.64
68,0,FeA,0,4,0,6,6,7.08,10.62,56.64
69,0,FeA,0,4,0,6,6,10.62,10.62,56.64
70,0,FeA,0,4,0,6,6,14.16,10.62,56.64
71,0,FeA,0,4,0,6,6,17.7,10.62,56.64
72,0,FeA,0,4,0,6,6,21.24,10.62,56.64
73,0,FeA,0,4,0,6,6,24.78,10.62,56.64
74,0,FeA,0,4,0,6,6,28.32,10.62,56.64
75,0,FeA,0,4,0,6,6,31.86,10.62,56.64
76,0,FeA,0,4,0,6,6,35.4,10.62,56.64
77,0,FeA,0,4,0,6,6,38.94,10.62,56.64
78,0,FeA,0,4,0,6,6,42.48,10.62,56.64
79,0,FeA,0,4,0,6,6,46.02,10.62,56.64
80,0,FeA,0,4,0,6,6,49.56,10.62,56.64
81,0,FeA,0,4,0,6,6,53.1,10.62,56.64
82,0,FeA,0,4,0,6,6,56.64,10.62,56.64
83,0,FeA,0,4,0,6,6,60.18,10.62,56.64
84,0,FeA,0,4,0,6,6,63.72,10.62,56.64
85,0,FeA,0,4,0,6,6,67.26,10.62,56.64
86,0,FeA,0,4,0,6,6,70.8,10.62,56.64
87,0,FeA,0,4,0,5,5,74.34,10.62,56.64
88,0,FeA,0,4,0,5,5,0,14.16,56.64
89,0,FeA,0,4,0,6,6,3.54,14.16,56.64
90,0,FeA,0,4,0,6,6,7.08,14.16,56.64
91,0,FeA,0,4,0,6,6,10.62,14.16,56.64
92,0,FeA,0,4,0,6,6,14.16,14.16,56.64
93,0,FeA,0,4,0,6,6,17.7,14.16,56.64
94,0,FeA,0,4,0,6,6,21.24,14.16,56.64
95,0,FeA,0,4,0,6,6,24.78,14.16,56.64
96,0,FeA,0,4,0,6,6,28.32,14.16,56.64
97,0,FeA,0,4,0,6,6,31.86,14.16,56.64
98,0,FeA,0,4,0,6,6,35.4,14.16,56.64
99,0,FeA,0,4,0,6,6,38.94,14.16,56.64
100,0,FeA,0,4,0,6,6,42.48,14.16,56.64
101,0,FeA,0,4,0,6,6,46.02,14.16,56.64
102,0,FeA,0,4,0,6,6,49.56,14.16,56.64
103,0,FeA,0,4,0,6,6,53.1,14.16,56.64
104,0,FeA,0,4,0,6,6,56.64,14.16,56.64
105,0,FeA,0,4,0,6,6,60.18,14.16,56.64
106,0,FeA,0,4,0,6,6,63.72,14.16,56.64
107,0,FeA,0,4,0,6,6,67.26,14.16,56.64
108,0,FeA,0,4,0,6,6,70.8,14.16,56.64
109,0,FeA,0,4,0,5,5,74.34,14.16,56.64
110,0,FeA,0,4,0,5,5,0,17.7,56.64
111,0,FeA,0,4,0,6,6,3.54,17.7,56.64
112,0,FeA,0,4,0,6,6,7.08,17.7,56.64
113,0,FeA,0,4,0,6,6,10.62,17.7,56.64
114,0,FeA,0,4,0,6,6,14.16,17.7,56.64
115,0,FeA,0,4,0,6,6,17.7,17.7,56.64
116,0,FeA,0,4,0,6,6,21.24,17.7,56.64
117,0,FeA,0,4,0,6,6,24.78,17.7,56.64
118,0,FeA,0,4,0,6,6,28.32,17.7,56.64
119,0,FeA,0,4,0,6,6,31.86,17.7,56.64
120,0,FeA,0,4,0,6,6,35.4,17.7,56.64
121,0,FeA,0,4,0,6,6,38.94,17.7,56.64
122,0,FeA,0,4,0,6,6,42.48,17.7,56.64
123,0,FeA,0,4,0,6,6,46.02,17.7,56.64
124,0,FeA,0,4,0,6,6,49.56,17.7,56.64
125,0,FeA,0,4,0,6,6,53.1,17.7,56.64
126,0,FeA,0,4,0,6,6,56.64,17.7,56.64
127,0,FeA,0,4,0,6,6,60.18,17.7,56.64
128,0,FeA,0,4,0,6,6,63.72,17.7,56.64
129,0,FeA,0,4,0,6,6,67.26,17.7,56.64
130,0,FeA,0,4,0,6,6,70.8,17.7,56.64
131,0,FeA,0,4,0,5,5,74.34,17.7,56.64
132,0,FeA,0,4,0,5,5,0,21.24,56.64
133,0,FeA,0,4,0,6,6,3.54,21.24,56.64
134,0,FeA,0,4,0,6,6,7.08,21.24,56.64
135,0,FeA,0,4,0,6,6,10.62,21.24,56.64
136,0,FeA,0,4,0,6,6,14.16,21.24,56.64
137,0,FeA,0,4,0,6,6,17.7,21.24,56.64
138,0,FeA,0,4,0,6,6,21.24,21.24,56.64
139,0,FeA,0,4,0,6,6,24.78,21.24,56.64
140,0,FeA,0,4,0,6,6,28.32,21.24,56.64
141,0,FeA,0,4,0,6,6,31.86,21.24,56.64
142,0,FeA,0,4,0,6,6,35.4,21.24,56.64
143,0,FeA,0,4,0,6,6,38.94,21.24,56.64
144,0,FeA,0,4,0,6,6,42.48,21.24,56.64
145,0,FeA,0,4,0,6,6,46.02,21.24,56.64
146,0,FeA,0,4,0,6,6,49.56,21.24,56.64
147,0,FeA,0,4,0,6,6,53.1,21.24,56.64
148,0,FeA,0,4,0,6,6,56.64,21.24,56.64
149,0,FeA,0,4,0,6,6,60.18,21.24,56.64
150,0,FeA,0,4,0,6,6,63.72,21.24,56.64
151,0,FeA,0,4,0,6,6,67.26,21.24,56.64
152,0,FeA,0,4,0,6,6,70.8,21.24,56.64
153,0,FeA,0,4,0,5,5,74.34,21.24,56.64
154,0,FeA,0,4,0,5,5,0,24.78,56.64
155,0,FeA,0,4,0,6,6,3.54,24.78,56.64
156,0,FeA,0,4,0,6,6,7.08,24.78,56.64
157,0,FeA,0,4,0,6,6,10.62,24.78,56.64
158,0,FeA,0,4,0,6,6,14.16,24.78,56.64
159,0,FeA,0,4,0,6,6,17.7,24.78,56.64
160,0,FeA,0,4,0,6,6,21.24,24.78,56.64
161,0,FeA,0,4,0,6,6,24.78,24.78,56.64
162,0,FeA,0,4,0,6,6,28.32,24.78,56.64
163,0,FeA,0,4,0,6,6,31.86,24.78,56.64
164,0,FeA,0,4,0,6,6,35.4,24.78,56.64
165,0,FeA,0,4,0,6,6,38.94,24.78,56.64
166,0,FeA,0,4,0,6,6,42.48,24.78,56.64
167,0,FeA,0,4,0,6,6,46.02,24.78,56.64
168,0,FeA,0,4,0,6,6,49.56,24.78,56.64
169,0,FeA,0,4,0,6,6,53.1,24.78,56.64
170,0,FeA,0,4,0,6,6,56.64,24.78,56.64
171,0,FeA,0,4,0,6,6,60.18,24.78,56.64
172,0,FeA,0,4,0,6,6,63.72,24.78,56.64
173,0,FeA,0,4,0,6,6,67.26,24.78,56.64
174,0,FeA,0,4,0,6,6,70.8,24.78,56.64
175,0,FeA,0,4,0,5,5,74.34,24.78,56.64
176,0,FeA,0,4,0,5,5,0,28.32,56.64
177,0,FeA,0,4,0,6,6,3.54,28.32,56.64
178,0,FeA,0,4,0,6,6,7.08,28.32,56.64
179,0,FeA,0,4,0,6,6,10.62,28.32,56.64
180,0,FeA,0,4,0,6,6,14.16,28.32,56.64
181,0,FeA,0,4,0,6,6,17.7,28.32,56.64
182,0,FeA,0,4,0,6,6,21.24,28.32,56.64
183,0,FeA,0,4,0,6,6,24.78,28.32,56.64
184,0,FeA,0,4,0,6,6,28.32,28.32,56.64
185,0,FeA,0,4,0,6,6,31.86,28.32,56.64
186,0,FeA,0,4,0,6,6,35.4,28.32,56.64
187,0,FeA,0,4,0,6,6,38.94,28.32,56.64
188,0,FeA,0,4,0,6,6,42.48,28.32,56.64
189,0,FeA,0,4,0,6,6,46.02,28.32,56.64
190,0,FeA,0,4,0,6,6,49.56,28.32,56.64
191,0,FeA,0,4,0,6,6,53.1,28.32,56.64
192,0,FeA,0,4,0,6,6,56.64,28.32,56.64
193,0,FeA,0,4,0,6,6,60.18,28.32,56.64
194,0,FeA,0,4,0,6,6,63.72,28.32,56.64
195,0,FeA,0,4,0,6,6,67.26,28.32,56.64
196,0,FeA,0,4,0,6,6,70.8,28.32,56.64
197,0,FeA,0,4,0,5,5,74.34,28.32,56.64
198,0,FeA,0,4,0,5,5,0,31.86,56.64
199,0,FeA,0,4,0,6,6,3.54,31.86,56.64
200,0,FeA,0,4,0,6,6,7.08,31.86,56.64
201,0,FeA,0,4,0,6,6,10.62,31.86,56.64
202,0,FeA,0,4,0,6,6,14.16,31.86,56.64
203,0,FeA,0,4,0,6,6,17.7,31.86,56.64
204,0,FeA,0,4,0,6,6,21.24,31.86,56.64
205,0,FeA,0,4,0,6,6,24.78,31.86,56.64
206,0,FeA,0,4,0,6,6,28.32,31.86,56.64
207,0,FeA,0,4,0,6,6,31.86,31.86,56.64
208,0,FeA,0,4,0,6,6,35.4,31.86,56.64
209,0,FeA,0,4,0,6,6,38.94,31.86,56.64
210,0,FeA,0,4,0,6,6,42.48,31.86,56.64
211,0,FeA,0,4,0,6,6,46.02,31.86,56.64
212,0,FeA,0,4,0,6,6,49.56,31.86,56.64
213,0,FeA,0,4,0,6,6,53.1,31.86,56.64
214,0,FeA,0,4,0,6,6,56.64,31.86,56.64
215,0,FeA,0,4,0,6,6,60.18,31.86,56.64
216,0,FeA,0,4,0,6,6,63.72,31.86,56.64
217,0,FeA,0,4,0,6,6,67.26,31.86,56.64
218,0,FeA,0,4,0,6,6,70.8,31.86,56.64
219,0,FeA,0,4,0,5,5,74.34,31.86,56.64
220,0,FeA,0,4,0,4,4,0,0,60.18
221,0,FeA,0,4,0,5,5,3.54,0,60.18
222,0,FeA,0,4,0,5,5,7.08,0,60.18
223,0,FeA,0,,5,5,10.62,0,35.4
224,0,FeA,0,4,0,5,5,14.16,0,35.4
225,0,FeA,0,4,0,5,5,17.7,0,35.4
226,0,FeA,0,4,0,5,5,21.24,0,35.4
227,0,FeA,0,4,0,5,5,24.78,0,35.4
228,0,FeA,0,4,0,5,5,28.32,0,35.4
229,0,FeA,0,4,0,5,5,31.86,0,35.4
230,0,FeA,0,4,0,5,5,35.4,0,35.4
231,0,FeA,0,4,0,5,5,38.94,0,35.4
232,0,FeA,0,4,0,5,5,42.48,0,35.4
233,0,FeA,0,4,0,5,5,46.02,0,35.4
234,0,FeA,0,4,0,5,5,49.56,0,35.4
235,0,FeA,0,4,0,5,5,53.1,0,35.4
236,0,FeA,0,4,0,5,5,56.64,0,35.4
237,0,FeA,0,4,0,5,5,60.18,0,35.4
238,0,FeA,0,4,0,5,5,63.72,0,35.4
239,0,FeA,0,4,0,5,5,67.26,0,35.4
240,0,FeA,0,4,0,5,5,70.8,0,35.4
241,0,FeA,0,4,0,4,4,74.34,0,35.4
242,0,FeA,0,4,0,5,5,0,3.54,35.4
243,0,FeA,0,4,0,6,6,3.54,3.54,35.4
244,0,FeA,0,4,0,6,6,7.08,3.54,35.4
245,0,FeA,0,4,0,6,6,10.62,3.54,35.4
246,0,FeA,0,4,0,6,6,14.16,3.54,35.4
247,0,FeA,0,4,0,6,6,17.7,3.54,35.4
248,0,FeA,0,4,0,6,6,21.24,3.54,35.4
249,0,FeA,0,4,0,6,6,24.78,3.54,35.4
250,0,FeA,0,4,0,6,6,28.32,3.54,35.4
251,0,FeA,0,4,0,6,6,31.86,3.54,35.4
252,0,FeA,0,4,0,6,6,35.4,3.54,35.4
253,0,FeA,0,4,0,6,6,38.94,3.54,35.4
254,0,FeA,0,4,0,6,6,42.48,3.54,35.4
255,0,FeA,0,4,0,6,6,46.02,3.54,35.4
256,0,FeA,0,4,0,6,6,49.56,3.54,35.4
257,0,FeA,0,4,0,6,6,53.1,3.54,35.4
258,0,FeA,0,4,0,6,6,56.64,3.54,35.4
259,0,FeA,0,4,0,6,6,60.18,3.54,35.4
260,0,FeA,0,4,0,6,6,63.72,3.54,35.4
261,0,FeA,0,4,0,6,6,67.26,3.54,35.4
262,0,FeA,0,4,0,6,6,70.8,3.54,35.4
263,0,FeA,0,4,0,5,5,74.34,3.54,35.4
264,0,FeA,0,4,0,5,5,0,7.08,35.4
265,0,FeA,0,4,0,6,6,3.54,7.08,35.4
266,0,FeA,0,4,0,6,6,7.08,7.08,35.4
267,0,FeA,0,4,0,6,6,10.62,7.08,35.4
268,0,FeA,0,4,0,6,6,14.16,7.08,35.4
269,0,FeA,0,4,0,6,6,17.7,7.08,35.4
270,0,FeA,0,4,0,6,6,21.24,7.08,35.4
271,0,FeA,0,4,0,6,6,24.78,7.08,35.4
272,0,FeA,0,4,0,6,6,28.32,7.08,35.4
273,0,FeA,0,4,0,6,6,31.86,7.08,35.4
274,0,FeA,0,4,0,6,6,35.4,7.08,35.4
275,0,FeA,0,4,0,6,6,38.94,7.08,35.4
276,0,FeA,0,4,0,6,6,42.48,7.08,35.4
277,0,FeA,0,4,0,6,6,46.02,7.08,35.4
278,0,FeA,0,4,0,6,6,49.56,7.08,35.4
279,0,FeA,0,4,0,6,6,53.1,7.08,35.4
280,0,FeA,0,4,0,6,6,56.64,7.08,35.4
281,0,FeA,0,4,0,6,6,60.18,7.08,35.4
282,0,FeA,0,4,0,6,6,63.72,7.08,35.4
283,0,FeA,0,4,0,6,6,67.26,7.08,35.4
284,0,FeA,0,4,0,6,6,70.8,7.08,35.4
285,0,FeA,0,4,0,5,5,74.34,7.08,35.4
286,0,FeA,0,4,0,5,5,0,10.62,35.4
287,0,FeA,0,4,0,6,6,3.54,10.62,35.4
288,0,FeA,0,4,0,6,6,7.08,10.62,35.4
289,0,FeA,0,4,0,6,6,10.62,10.62,35.4
290,0,FeA,0,4,0,6,6,14.16,10.62,35.4
291,0,FeA,0,4,0,6,6,17.7,10.62,35.4
292,0,FeA,0,4,0,6,6,21.24,10.62,35.4
293,0,FeA,0,4,0,6,6,24.78,10.62,35.4
294,0,FeA,0,4,0,6,6,28.32,10.62,35.4
295,0,FeA,0,4,0,6,6,31.86,10.62,35.4
296,0,FeA,0,4,0,6,6,35.4,10.62,35.4
297,0,FeA,0,4,0,6,6,38.94,10.62,35.4
298,0,FeA,0,4,0,6,6,42.48,10.62,35.4
299,0,FeA,0,4,0,6,6,46.02,10.62,35.4
300,0,FeA,0,4,0,6,6,49.56,10.62,35.4
301,0,FeA,0,4,0,6,6,53.1,10.62,35.4
302,0,FeA,0,4,0,6,6,56.64,10.62,35.4
303,0,FeA,0,4,0,6,6,60.18,10.62,35.4
304,0,FeA,0,4,0,6,6,63.72,10.62,35.4
305,0,FeA,0,4,0,6,6,67.26,10.62,35.4
306,0,FeA,0,4,0,6,6,70.8,10.62,35.4
307,0,FeA,0,4,0,5,5,74.34,10.62,35.4
308,0,FeA,0,4,0,5,5,0,14.16,35.4
309,0,FeA,0,4,0,6,6,3.54,14.16,35.4
310,0,FeA,0,4,0,6,6,7.08,14.16,35.4
311,0,FeA,0,4,0,6,6,10.62,14.16,35.4
312,0,FeA,0,4,0,6,6,14.16,14.16,35.4
313,0,FeA,0,4,0,6,6,17.7,14.16,35.4
314,0,FeA,0,4,0,6,6,21.24,14.16,35.4
315,0,FeA,0,4,0,6,6,24.78,14.16,35.4
316,0,FeA,0,4,0,6,6,28.32,14.16,35.4
317,0,FeA,0,4,0,6,6,31.86,14.16,35.4
318,0,FeA,0,4,0,6,6,35.4,14.16,35.4
319,0,FeA,0,4,0,6,6,38.94,14.16,35.4
320,0,FeA,0,4,0,6,6,42.48,14.16,35.4
321,0,FeA,0,4,0,6,6,46.02,14.16,35.4
322,0,FeA,0,4,0,6,6,49.56,14.16,35.4
323,0,FeA,0,4,0,6,6,53.1,14.16,35.4
324,0,FeA,0,4,0,6,6,56.64,14.16,35.4
325,0,FeA,0,4,0,6,6,60.18,14.16,35.4
326,0,FeA,0,4,0,6,6,63.72,14.16,35.4
327,0,FeA,0,4,0,6,6,67.26,14.16,35.4
328,0,FeA,0,4,0,6,6,70.8,14.16,35.4
329,0,FeA,0,4,0,5,5,74.34,14.16,35.4
330,0,FeA,0,4,0,5,5,0,17.7,35.4
331,0,FeA,0,4,0,6,6,3.54,17.7,35.4
332,0,FeA,0,4,0,6,6,7.08,17.7,35.4
333,0,FeA,0,4,0,6,6,10.62,17.7,35.4
334,0,FeA,0,4,0,6,6,14.16,17.7,35.4
335,0,FeA,0,4,0,6,6,17.7,17.7,35.4
336,0,FeA,0,4,0,6,6,21.24,17.7,35.4
337,0,FeA,0,4,0,6,6,24.78,17.7,35.4
338,0,FeA,0,4,0,6,6,28.32,17.7,35.4
339,0,FeA,0,4,0,6,6,31.86,17.7,35.4
340,0,FeA,0,4,0,6,6,35.4,17.7,35.4
341,0,FeA,0,4,0,6,6,38.94,17.7,35.4
342,0,FeA,0,4,0,6,6,42.48,17.7,35.4
343,0,FeA,0,4,0,6,6,46.02,17.7,35.4
344,0,FeA,0,4,0,6,6,49.56,17.7,35.4
345,0,FeA,0,4,0,6,6,53.1,17.7,35.4
346,0,FeA,0,4,0,6,6,56.64,17.7,35.4
347,0,FeA,0,4,0,6,6,60.18,17.7,35.4
348,0,FeA,0,4,0,6,6,63.72,17.7,35.4
349,0,FeA,0,4,0,6,6,67.26,17.7,35.4
350,0,FeA,0,4,0,6,6,70.8,17.7,35.4
351,0,FeA,0,4,0,5,5,74.34,17.7,35.4
352,0,FeA,0,4,0,5,5,0,21.24,35.4
353,0,FeA,0,4,0,6,6,3.54,21.24,35.4
354,0,FeA,0,4,0,6,6,7.08,21.24,35.4
355,0,FeA,0,4,0,6,6,10.62,21.24,35.4
356,0,FeA,0,4,0,6,6,14.16,21.24,35.4
357,0,FeA,0,4,0,6,6,17.7,21.24,35.4
358,0,FeA,0,4,0,6,6,21.24,21.24,35.4
359,0,FeA,0,4,0,6,6,24.78,21.24,35.4
360,0,FeA,0,4,0,6,6,28.32,21.24,35.4
361,0,FeA,0,4,0,6,6,31.86,21.24,35.4
362,0,FeA,0,4,0,6,6,35.4,21.24,35.4
363,0,FeA,0,4,0,6,6,38.94,21.24,35.4
364,0,FeA,0,4,0,6,6,42.48,21.24,35.4
365,0,FeA,0,4,0,6,6,46.02,21.24,35.4
366,0,FeA,0,4,0,6,6,49.56,21.24,35.4
367,0,FeA,0,4,0,6,6,53.1,21.24,35.4
368,0,FeA,0,4,0,6,6,56.64,21.24,35.4
369,0,FeA,0,4,0,6,6,60.18,21.24,35.4
370,0,FeA,0,4,0,6,6,63.72,21.24,35.4
371,0,FeA,0,4,0,6,6,67.26,21.24,35.4
372,0,FeA,0,4,0,6,6,70.8,21.24,35.4
373,0,FeA,0,4,0,5,5,74.34,21.24,35.4
374,0,FeA,0,4,0,5,5,0,24.78,35.4
375,0,FeA,0,4,0,6,6,3.54,24.78,35.4
376,0,FeA,0,4,0,6,6,7.08,24.78,35.4
377,0,FeA,0,4,0,6,6,10.62,24.78,35.4
378,0,FeA,0,4,0,6,6,14.16,24.78,35.4
379,0,FeA,0,4,0,6,6,17.7,24.78,35.4
380,0,FeA,0,4,0,6,6,21.24,24.78,35.4
381,0,FeA,0,4,0,6,6,24.78,24.78,35.4
382,0,FeA,0,4,0,6,6,28.32,24.78,35.4
383,0,FeA,0,4,0,6,6,31.86,24.78,35.4
384,0,FeA,0,4,0,6,6,35.4,24.78,35.4
385,0,FeA,0,4,0,6,6,38.94,24.78,35.4
386,0,FeA,0,4,0,6,6,42.48,24.78,35.4
387,0,FeA,0,4,0,6,6,46.02,24.78,35.4
388,0,FeA,0,4,0,6,6,49.56,24.78,35.4
389,0,FeA,0,4,0,6,6,53.1,24.78,35.4
390,0,FeA,0,4,0,6,6,56.64,24.78,35.4
391,0,FeA,0,4,0,6,6,60.18,24.78,35.4
392,0,FeA,0,4,0,6,6,63.72,24.78,35.4
393,0,FeA,0,4,0,6,6,67.26,24.78,35.4
394,0,FeA,0,4,0,6,6,70.8,24.78,35.4
395,0,FeA,0,4,0,5,5,74.34,24.78,35.4
396,0,FeA,0,4,0,5,5,0,28.32,35.4
397,0,FeA,0,4,0,6,6,3.54,28.32,35.4
398,0,FeA,0,4,0,6,6,7.08,28.32,35.4
399,0,FeA,0,4,0,6,6,10.62,28.32,35.4
400,0,FeA,0,4,0,6,6,14.16,28.32,35.4
401,0,FeA,0,4,0,6,6,17.7,28.32,35.4
402,0,FeA,0,4,0,6,6,21.24,28.32,35.4
403,0,FeA,0,4,0,6,6,24.78,28.32,35.4
404,0,FeA,0,4,0,6,6,28.32,28.32,35.4
405,0,FeA,0,4,0,6,6,31.86,28.32,35.4
406,0,FeA,0,4,0,6,6,35.4,28.32,35.4
407,0,FeA,0,4,0,6,6,38.94,28.32,35.4
408,0,FeA,0,4,0,6,6,42.48,28.32,35.4
409,0,FeA,0,4,0,6,6,46.02,28.32,35.4
410,0,FeA,0,4,0,6,6,49.56,28.32,35.4
411,0,FeA,0,4,0,6,6,53.1,28.32,35.4
412,0,FeA,0,4,0,6,6,56.64,28.32,35.4
413,0,FeA,0,4,0,6,6,60.18,28.32,35.4
414,0,FeA,0,4,0,6,6,63.72,28.32,35.4
415,0,FeA,0,4,0,6,6,67.26,28.32,35.4
416,0,FeA,0,4,0,6,6,70.8,28.32,35.4
417,0,FeA,0,4,0,5,5,74.34,28.32,35.4
418,0,FeA,0,4,0,5,5,0,31.86,35.4
419,0,FeA,0,4,0,6,6,3.54,31.86,35.4
420,0,FeA,0,4,0,6,6,7.08,31.86,35.4
421,0,FeA,0,4,0,6,6,10.62,31.86,35.4
422,0,FeA,0,4,0,6,6,14.16,31.86,35.4
423,0,FeA,0,4,0,6,6,17.7,31.86,35.4
424,0,FeA,0,4,0,6,6,21.24,31.86,35.4
425,0,FeA,0,4,0,6,6,24.78,31.86,35.4
426,0,FeA,0,4,0,6,6,28.32,31.86,35.4
427,0,FeA,0,4,0,6,6,31.86,31.86,35.4
428,0,FeA,0,4,0,6,6,35.4,31.86,35.4
429,0,FeA,0,4,0,6,6,38.94,31.86,35.4
430,0,FeA,0,4,0,6,6,42.48,31.86,35.4
431,0,FeA,0,4,0,6,6,46.02,31.86,35.4
432,0,FeA,0,4,0,6,6,49.56,31.86,35.4
433,0,FeA,0,4,0,6,6,53.1,31.86,35.4
434,0,FeA,0,4,0,6,6,56.64,31.86,35.4
435,0,FeA,0,4,0,6,6,60.18,31.86,35.4
436,0,FeA,0,4,0,6,6,63.72,31.86,35.4
437,0,FeA,0,4,0,6,6,67.26,31.86,35.4
438,0,FeA,0,4,0,6,6,70.8,31.86,35.4
439,0,FeA,0,4,0,5,5,74.34,31.86,35.4
440,0,FeA,0,4,0,4,4,0,0,38.94
441,0,FeA,0,4,0,5,5,3.54,0,38.94
442,0,FeA,0,4,0,5,5,7.08,0,38.94
443,0,FeA,0,4,0,5,5,10.62,0,38.94
444,0,FeA,0,4,0,5,5,14.16,0,38.94
445,0,FeA,0,4,0,5,5,17.7,0,38.94
446,0,FeA,0,4,0,5,5,21.24,0,38.94
447,0,FeA,0,4,0,5,5,24.78,0,38.94
448,0,FeA,0,4,0,5,5,28.32,0,38.94
449,0,FeA,0,4,0,5,5,31.86,0,38.94
450,0,FeA,0,4,0,5,5,35.4,0,38.94
451,0,FeA,0,4,0,5,5,38.94,0,38.94
452,0,FeA,0,4,0,5,5,42.48,0,38.94
453,0,FeA,0,4,0,5,5,46.02,0,38.94
454,0,FeA,0,4,0,5,5,49.56,0,38.94
455,0,FeA,0,4,0,5,5,53.1,0,38.94
456,0,FeA,0,4,0,5,5,56.64,0,38.94
457,0,FeA,0,4,0,5,5,60.18,0,38.94
458,0,FeA,0,4,0,5,5,63.72,0,38.94
459,0,FeA,0,4,0,5,5,67.26,0,38.94
460,0,FeA,0,4,0,5,5,70.8,0,38.94
461,0,FeA,0,4,0,4,4,74.34,0,38.94
462,0,FeA,0,4,0,5,5,0,3.54,38.94
463,0,FeA,0,4,0,6,6,3.54,3.54,38.94
464,0,FeA,0,4,0,6,6,7.08,3.54,38.94
465,0,FeA,0,4,0,6,6,10.62,3.54,38.94
466,0,FeA,0,4,0,6,6,14.16,3.54,38.94
467,0,FeA,0,4,0,6,6,17.7,3.54,38.94
468,0,FeA,0,4,0,6,6,21.24,3.54,38.94
469,0,FeA,0,4,0,6,6,24.78,3.54,38.94
470,0,FeA,0,4,0,6,6,28.32,3.54,38.94
471,0,FeA,0,4,0,6,6,31.86,3.54,38.94
472,0,FeA,0,4,0,6,6,35.4,3.54,38.94
473,0,FeA,0,4,0,6,6,38.94,3.54,38.94
474,0,FeA,0,4,0,6,6,42.48,3.54,38.94
475,0,FeA,0,4,0,6,6,46.02,3.54,38.94
476,0,FeA,0,4,0,6,6,49.56,3.54,38.94
477,0,FeA,0,4,0,6,6,53.1,3.54,38.94
478,0,FeA,0,4,0,6,6,56.64,3.54,38.94
479,0,FeA,0,4,0,6,6,60.18,3.54,38.94
480,0,FeA,0,4,0,6,6,63.72,3.54,38.94
481,0,FeA,0,4,0,6,6,67.26,3.54,38.94
482,0,FeA,0,4,0,6,6,70.8,3.54,38.94
483,0,FeA,0,4,0,5,5,74.34,3.54,38.94
484,0,FeA,0,4,0,5,5,0,7.08,38.94
485,0,FeA,0,4,0,6,6,3.54,7.08,38.94
486,0,FeA,0,4,0,6,6,7.08,7.08,38.94
487,0,FeA,0,4,0,6,6,10.62,7.08,38.94
488,0,FeA,0,4,0,6,6,14.16,7.08,38.94
489,0,FeA,0,4,0,6,6,17.7,7.08,38.94
490,0,FeA,0,4,0,6,6,21.24,7.08,38.94
491,0,FeA,0,4,0,6,6,24.78,7.08,38.94
492,0,FeA,0,4,0,6,6,28.32,7.08,38.94
493,0,FeA,0,4,0,6,6,31.86,7.08,38.94
494,0,FeA,0,4,0,6,6,35.4,7.08,38.94
495,0,FeA,0,4,0,6,6,38.94,7.08,38.94
496,0,FeA,0,4,0,6,6,42.48,7.08,38.94
497,0,FeA,0,4,0,6,6,46.02,7.08,38.94
498,0,FeA,0,4,0,6,6,49.56,7.08,38.94
499,0,FeA,0,4,0,6,6,53.1,7.08,38.94
500,0,FeA,0,4,0,6,6,56.64,7.08,38.94
501,0,FeA,0,4,0,6,6,60.18,7.08,38.94
502,0,FeA,0,4,0,6,6,63.72,7.08,38.94
503,0,FeA,0,4,0,6,6,67.26,7.08,38.94
504,0,FeA,0,4,0,6,6,70.8,7.08,38.94
505,0,FeA,0,4,0,5,5,74.34,7.08,38.94
506,0,FeA,0,4,0,5,5,0,10.62,38.94
507,0,FeA,0,4,0,6,6,3.54,10.62,38.94
508,0,FeA,0,4,0,6,6,7.08,10.62,38.94
509,0,FeA,0,4,0,6,6,10.62,10.62,38.94
510,0,FeA,0,4,0,6,6,14.16,10.62,38.94
511,0,FeA,0,4,0,6,6,17.7,10.62,38.94
512,0,FeA,0,4,0,6,6,21.24,10.62,38.94
513,0,FeA,0,4,0,6,6,24.78,10.62,38.94
514,0,FeA,0,4,0,6,6,28.32,10.62,38.94
515,0,FeA,0,4,0,6,6,31.86,10.62,38.94
516,0,FeA,0,4,0,6,6,35.4,10.62,38.94
517,0,FeA,0,4,0,6,6,38.94,10.62,38.94
518,0,FeA,0,4,0,6,6,42.48,10.62,38.94
519,0,FeA,0,4,0,6,6,46.02,10.62,38.94
520,0,FeA,0,4,0,6,6,49.56,10.62,38.94
521,0,FeA,0,4,0,6,6,53.1,10.62,38.94
522,0,FeA,0,4,0,6,6,56.64,10.62,38.94
523,0,FeA,0,4,0,6,6,60.18,10.62,38.94
524,0,FeA,0,4,0,6,6,63.72,10.62,38.94
525,0,FeA,0,4,0,6,6,67.26,10.62,38.94
526,0,FeA,0,4,0,6,6,70.8,10.62,38.94
527,0,FeA,0,4,0,5,5,74.34,10.62,38.94
528,0,FeA,0,4,0,5,5,0,14.16,38.94
529,0,FeA,0,4,0,6,6,3.54,14.16,38.94
530,0,FeA,0,4,0,6,6,7.08,14.16,38.94
531,0,FeA,0,4,0,6,6,10.62,14.16,38.94
532,0,FeA,0,4,0,6,6,14.16,14.16,38.94
533,0,FeA,0,4,0,6,6,17.7,14.16,38.94
534,0,FeA,0,4,0,6,6,21.24,14.16,38.94
535,0,FeA,0,4,0,6,6,24.78,14.16,38.94
536,0,FeA,0,4,0,6,6,28.32,14.16,38.94
537,0,FeA,0,4,0,6,6,31.86,14.16,38.94
538,0,FeA,0,4,0,6,6,35.4,14.16,38.94
539,0,FeA,0,4,0,6,6,38.94,14.16,38.94
540,0,FeA,0,4,0,6,6,42.48,14.16,38.94
541,0,FeA,0,4,0,6,6,46.02,14.16,38.94
542,0,FeA,0,4,0,6,6,49.56,14.16,38.94
543,0,FeA,0,4,0,6,6,53.1,14.16,38.94
544,0,FeA,0,4,0,6,6,56.64,14.16,38.94
545,0,FeA,0,4,0,6,6,60.18,14.16,38.94
546,0,FeA,0,4,0,6,6,63.72,14.16,38.94
547,0,FeA,0,4,0,6,6,67.26,14.16,38.94
548,0,FeA,0,4,0,6,6,70.8,14.16,38.94
549,0,FeA,0,4,0,5,5,74.34,14.16,38.94
550,0,FeA,0,4,0,5,5,0,17.7,38.94
551,0,FeA,0,4,0,6,6,3.54,17.7,38.94
552,0,FeA,0,4,0,6,6,7.08,17.7,38.94
553,0,FeA,0,4,0,6,6,10.62,17.7,38.94
554,0,FeA,0,4,0,6,6,14.16,17.7,38.94
555,0,FeA,0,4,0,6,6,17.7,17.7,38.94
556,0,FeA,0,4,0,6,6,21.24,17.7,38.94
557,0,FeA,0,4,0,6,6,24.78,17.7,38.94
558,0,FeA,0,4,0,6,6,28.32,17.7,38.94
559,0,FeA,0,4,0,6,6,31.86,17.7,38.94
560,0,FeA,0,4,0,6,6,35.4,17.7,38.94
561,0,FeA,0,4,0,6,6,38.94,17.7,38.94
562,0,FeA,0,4,0,6,6,42.48,17.7,38.94
563,0,FeA,0,4,0,6,6,46.02,17.7,38.94
564,0,FeA,0,4,0,6,6,49.56,17.7,38.94
565,0,FeA,0,4,0,6,6,53.1,17.7,38.94
566,0,FeA,0,4,0,6,6,56.64,17.7,38.94
567,0,FeA,0,4,0,6,6,60.18,17.7,38.94
568,0,FeA,0,4,0,6,6,63.72,17.7,38.94
569,0,FeA,0,4,0,6,6,67.26,17.7,38.94
570,0,FeA,0,4,0,6,6,70.8,17.7,38.94
571,0,FeA,0,4,0,5,5,74.34,17.7,38.94
572,0,FeA,0,4,0,5,5,0,21.24,38.94
573,0,FeA,0,4,0,6,6,3.54,21.24,38.94
574,0,FeA,0,4,0,6,6,7.08,21.24,38.94
575,0,FeA,0,4,0,6,6,10.62,21.24,38.94
576,0,FeA,0,4,0,6,6,14.16,21.24,38.94
577,0,FeA,0,4,0,6,6,17.7,21.24,38.94
578,0,FeA,0,4,0,6,6,21.24,21.24,38.94
579,0,FeA,0,4,0,6,6,24.78,21.24,38.94
580,0,FeA,0,4,0,6,6,28.32,21.24,38.94
581,0,FeA,0,4,0,6,6,31.86,21.24,38.94
582,0,FeA,0,4,0,6,6,35.4,21.24,38.94
583,0,FeA,0,4,0,6,6,38.94,21.24,38.94
584,0,FeA,0,4,0,6,6,42.48,21.24,38.94
585,0,FeA,0,4,0,6,6,46.02,21.24,38.94
586,0,FeA,0,4,0,6,6,49.56,21.24,38.94
587,0,FeA,0,4,0,6,6,53.1,21.24,38.94
588,0,FeA,0,4,0,6,6,56.64,21.24,38.94
589,0,FeA,0,4,0,6,6,60.18,21.24,38.94
590,0,FeA,0,4,0,6,6,63.72,21.24,38.94
591,0,FeA,0,4,0,6,6,67.26,21.24,38.94
592,0,FeA,0,4,0,6,6,70.8,21.24,38.94
593,0,FeA,0,4,0,5,5,74.34,21.24,38.94
594,0,FeA,0,4,0,5,5,0,24.78,38.94
595,0,FeA,0,4,0,6,6,3.54,24.78,38.94
596,0,FeA,0,4,0,6,6,7.08,24.78,38.94
597,0,FeA,0,4,0,6,6,10.62,24.78,38.94
598,0,FeA,0,4,0,6,6,14.16,24.78,38.94
599,0,FeA,0,4,0,6,6,17.7,24.78,38.94
600,0,FeA,0,4,0,6,6,21.24,24.78,38.94
601,0,FeA,0,4,0,6,6,24.78,24.78,38.94
602,0,FeA,0,4,0,6,6,28.32,24.78,38.94
603,0,FeA,0,4,0,6,6,31.86,24.78,38.94
604,0,FeA,0,4,0,6,6,35.4,24.78,38.94
605,0,FeA,0,4,0,6,6,38.94,24.78,38.94
606,0,FeA,0,4,0,6,6,42.48,24.78,38.94
607,0,FeA,0,4,0,6,6,46.02,24.78,38.94
608,0,FeA,0,4,0,6,6,49.56,24.78,38.94
609,0,FeA,0,4,0,6,6,53.1,24.78,38.94
610,0,FeA,0,4,0,6,6,56.64,24.78,38.94
611,0,FeA,0,4,0,6,6,60.18,24.78,38.94
612,0,FeA,0,4,0,6,6,63.72,24.78,38.94
613,0,FeA,0,4,0,6,6,67.26,24.78,38.94
614,0,FeA,0,4,0,6,6,70.8,24.78,38.94
615,0,FeA,0,4,0,5,5,74.34,24.78,38.94
616,0,FeA,0,4,0,5,5,0,28.32,38.94
617,0,FeA,0,4,0,6,6,3.54,28.32,38.94
618,0,FeA,0,4,0,6,6,7.08,28.32,38.94
619,0,FeA,0,4,0,6,6,10.62,28.32,38.94
620,0,FeA,0,4,0,6,6,14.16,28.32,38.94
621,0,FeA,0,4,0,6,6,17.7,28.32,38.94
622,0,FeA,0,4,0,6,6,21.24,28.32,38.94
623,0,FeA,0,4,0,6,6,24.78,28.32,38.94
624,0,FeA,0,4,0,6,6,28.32,28.32,38.94
625,0,FeA,0,4,0,6,6,31.86,28.32,38.94
626,0,FeA,0,4,0,6,6,35.4,28.32,38.94
627,0,FeA,0,4,0,6,6,38.94,28.32,38.94
628,0,FeA,0,4,0,6,6,42.48,28.32,38.94
629,0,FeA,0,4,0,6,6,46.02,28.32,38.94
630,0,FeA,0,4,0,6,6,49.56,28.32,38.94
631,0,FeA,0,4,0,6,6,53.1,28.32,38.94
632,0,FeA,0,4,0,6,6,56.64,28.32,38.94
633,0,FeA,0,4,0,6,6,60.18,28.32,38.94
634,0,FeA,0,4,0,6,6,63.72,28.32,38.94
635,0,FeA,0,4,0,6,6,67.26,28.32,38.94
636,0,FeA,0,4,0,6,6,70.8,28.32,38.94
637,0,FeA,0,4,0,5,5,74.34,28.32,38.94
638,0,FeA,0,4,0,5,5,0,31.86,38.94
639,0,FeA,0,4,0,6,6,3.54,31.86,38.94
640,0,FeA,0,4,0,6,6,7.08,31.86,38.94
641,0,FeA,0,4,0,6,6,10.62,31.86,38.94
642,0,FeA,0,4,0,6,6,14.16,31.86,38.94
643,0,FeA,0,4,0,6,6,17.7,31.86,38.94
644,0,FeA,0,4,0,6,6,21.24,31.86,38.94
645,0,FeA,0,4,0,6,6,24.78,31.86,38.94
646,0,FeA,0,4,0,6,6,28.32,31.86,38.94
647,0,FeA,0,4,0,6,6,31.86,31.86,38.94
648,0,FeA,0,4,0,6,6,35.4,31.86,38.94
649,0,FeA,0,4,0,6,6,38.94,31.86,38.94
650,0,FeA,0,4,0,6,6,42.48,31.86,38.94
651,0,FeA,0,4,0,6,6,46.02,31.86,38.94
652,0,FeA,0,4,0,6,6,49.56,31.86,38.94
653,0,FeA,0,4,0,6,6,53.1,31.86,38.94
654,0,FeA,0,4,0,6,6,56.64,31.86,38.94
655,0,FeA,0,4,0,6,6,60.18,31.86,38.94
656,0,FeA,0,4,0,6,6,63.72,31.86,38.94
657,0,FeA,0,4,0,6,6,67.26,31.86,38.94
658,0,FeA,0,4,0,6,6,70.8,31.86,38.94
659,0,FeA,0,4,0,5,5,74.34,31.86,38.94
660,0,FeA,0,4,0,4,4,0,0,42.48
661,0,FeA,0,4,0,5,5,3.54,0,42.48
662,0,FeA,0,4,0,5,5,7.08,0,42.48
663,0,FeA,0,4,0,5,5,10.62,0,42.48
664,0,FeA,0,4,0,5,5,14.16,0,42.48
665,0,FeA,0,4,0,5,5,17.7,0,42.48
666,0,FeA,0,4,0,5,5,21.24,0,42.48
667,0,FeA,0,4,0,5,5,24.78,0,42.48
668,0,FeA,0,4,0,5,5,28.32,0,42.48
669,0,FeA,0,4,0,5,5,31.86,0,42.48
670,0,FeA,0,4,0,5,5,35.4,0,42.48
671,0,FeA,0,4,0,5,5,38.94,0,42.48
672,0,FeA,0,4,0,5,5,42.48,0,42.48
673,0,FeA,0,4,0,5,5,46.02,0,42.48
674,0,FeA,0,4,0,5,5,49.56,0,42.485,5,28.32,0,67.26
669,0,FeA,0,4,0,5,5,31.86,0,67.26
670,0,FeA,0,4,0,5,5,35.4,0,67.26
671,0,FeA,0,4,0,5,5,38.94,0,67.26
672,0,FeA,0,4,0,5,5,42.48,0,67.26
673,0,FeA,0,4,0,5,5,46.02,0,67.26
674,0,FeA,0,4,0,5,5,49.56,0,67.26
675,0,FeA,0,4,0,5,5,53.1,0,67.26
676,0,FeA,0,4,0,5,5,56.64,0,67.26
677,0,FeA,0,4,0,5,5,60.18,0,67.26
678,0,FeA,0,4,0,5,5,63.72,0,67.26
679,0,FeA,0,4,0,5,5,67.26,0,67.26
680,0,FeA,0,4,0,5,5,70.8,0,67.26
681,0,FeA,0,4,0,4,4,74.34,0,67.26
682,0,FeA,0,4,0,5,5,0,3.54,67.26
683,0,FeA,0,4,0,6,6,3.54,3.54,67.26
684,0,FeA,0,4,0,6,6,7.08,3.54,67.26
685,0,FeA,0,4,0,6,6,10.62,3.54,67.26
686,0,FeA,0,4,0,6,6,14.16,3.54,67.26
687,0,FeA,0,4,0,6,6,17.7,3.54,67.26
688,0,FeA,0,4,0,6,6,21.24,3.54,67.26
689,0,FeA,0,4,0,6,6,24.78,3.54,67.26
690,0,FeA,0,4,0,6,6,28.32,3.54,67.26
691,0,FeA,0,4,0,6,6,31.86,3.54,67.26
692,0,FeA,0,4,0,6,6,35.4,3.54,67.26
693,0,FeA,0,4,0,6,6,38.94,3.54,67.26
694,0,FeA,0,4,0,6,6,42.48,3.54,67.26
695,0,FeA,0,4,0,6,6,46.02,3.54,67.26
696,0,FeA,0,4,0,6,6,49.56,3.54,67.26
697,0,FeA,0,4,0,6,6,53.1,3.54,67.26
698,0,FeA,0,4,0,6,6,56.64,3.54,67.26
699,0,FeA,0,4,0,6,6,60.18,3.54,67.26
700,0,FeA,0,4,0,6,6,63.72,3.54,67.26
701,0,FeA,0,4,0,6,6,67.26,3.54,67.26
702,0,FeA,0,4,0,6,6,70.8,3.54,67.26
703,0,FeA,0,4,0,5,5,74.34,3.54,67.26
704,0,FeA,0,4,0,5,5,0,7.08,67.26
705,0,FeA,0,4,0,6,6,3.54,7.08,67.26
706,0,FeA,0,4,0,6,6,7.08,7.08,67.26
707,0,FeA,0,4,0,6,6,10.62,7.08,67.26
708,0,FeA,0,4,0,6,6,14.16,7.08,67.26
709,0,FeA,0,4,0,6,6,17.7,7.08,67.26
710,0,FeA,0,4,0,6,6,21.24,7.08,67.26
711,0,FeA,0,4,0,6,6,24.78,7.08,67.26
712,0,FeA,0,4,0,6,6,28.32,7.08,67.26
713,0,FeA,0,4,0,6,6,31.86,7.08,67.26
714,0,FeA,0,4,0,6,6,35.4,7.08,67.26
715,0,FeA,0,4,0,6,6,38.94,7.08,67.26
716,0,FeA,0,4,0,6,6,42.48,7.08,67.26
717,0,FeA,0,4,0,6,6,46.02,7.08,67.26
718,0,FeA,0,4,0,6,6,49.56,7.08,67.26
719,0,FeA,0,4,0,6,6,53.1,7.08,67.26
720,0,FeA,0,4,0,6,6,56.64,7.08,67.26
721,0,FeA,0,4,0,6,6,60.18,7.08,67.26
722,0,FeA,0,4,0,6,6,63.72,7.08,67.26
723,0,FeA,0,4,0,6,6,67.26,7.08,67.26
724,0,FeA,0,4,0,6,6,70.8,7.08,67.26
725,0,FeA,0,4,0,5,5,74.34,7.08,67.26
726,0,FeA,0,4,0,5,5,0,10.62,67.26
727,0,FeA,0,4,0,6,6,3.54,10.62,67.26
728,0,FeA,0,4,0,6,6,7.08,10.62,67.26
729,0,FeA,0,4,0,6,6,10.62,10.62,67.26
730,0,FeA,0,4,0,6,6,14.16,10.62,67.26
731,0,FeA,0,4,0,6,6,17.7,10.62,67.26
732,0,FeA,0,4,0,6,6,21.24,10.62,67.26
733,0,FeA,0,4,0,6,6,24.78,10.62,67.26
734,0,FeA,0,4,0,6,6,28.32,10.62,67.26
735,0,FeA,0,4,0,6,6,31.86,10.62,67.26
736,0,FeA,0,4,0,6,6,35.4,10.62,67.26
737,0,FeA,0,4,0,6,6,38.94,10.62,67.26
738,0,FeA,0,4,0,6,6,42.48,10.62,67.26
739,0,FeA,0,4,0,6,6,46.02,10.62,67.26
740,0,FeA,0,4,0,6,6,49.56,10.62,67.26
741,0,FeA,0,4,0,6,6,53.1,10.62,67.26
742,0,FeA,0,4,0,6,6,56.64,10.62,67.26
743,0,FeA,0,4,0,6,6,60.18,10.62,67.26
744,0,FeA,0,4,0,6,6,63.72,10.62,67.26
745,0,FeA,0,4,0,6,6,67.26,10.62,67.26
746,0,FeA,0,4,0,6,6,70.8,10.62,67.26
747,0,FeA,0,4,0,5,5,74.34,10.62,67.26
748,0,FeA,0,4,0,5,5,0,14.16,67.26
749,0,FeA,0,4,0,6,6,3.54,14.16,67.26
750,0,FeA,0,4,0,6,6,7.08,14.16,67.26
751,0,FeA,0,4,0,6,6,10.62,14.16,67.26
752,0,FeA,0,4,0,6,6,14.16,14.16,67.26
753,0,FeA,0,4,0,6,6,17.7,14.16,67.26
754,0,FeA,0,4,0,6,6,21.24,14.16,67.26
755,0,FeA,0,4,0,6,6,24.78,14.16,67.26
756,0,FeA,0,4,0,6,6,28.32,14.16,67.26
757,0,FeA,0,4,0,6,6,31.86,14.16,67.26
758,0,FeA,0,4,0,6,6,35.4,14.16,67.26
759,0,FeA,0,4,0,6,6,38.94,14.16,67.26
760,0,FeA,0,4,0,6,6,42.48,14.16,67.26
761,0,FeA,0,4,0,6,6,46.02,14.16,67.26
762,0,FeA,0,4,0,6,6,49.56,14.16,67.26
763,0,FeA,0,4,0,6,6,53.1,14.16,67.26
764,0,FeA,0,4,0,6,6,56.64,14.16,67.26
765,0,FeA,0,4,0,6,6,60.18,14.16,67.26
766,0,FeA,0,4,0,6,6,63.72,14.16,67.26
767,0,FeA,0,4,0,6,6,67.26,14.16,67.26
768,0,FeA,0,4,0,6,6,70.8,14.16,67.26
769,0,FeA,0,4,0,5,5,74.34,14.16,67.26
770,0,FeA,0,4,0,5,5,0,17.7,67.26
771,0,FeA,0,4,0,6,6,3.54,17.7,67.26
772,0,FeA,0,4,0,6,6,7.08,17.7,67.26
773,0,FeA,0,4,0,6,6,10.62,17.7,67.26
774,0,FeA,0,4,0,6,6,14.16,17.7,67.26
775,0,FeA,0,4,0,6,6,17.7,17.7,67.26
776,0,FeA,0,4,0,6,6,21.24,17.7,67.26
777,0,FeA,0,4,0,6,6,24.78,17.7,67.26
778,0,FeA,0,4,0,6,6,28.32,17.7,67.26
779,0,FeA,0,4,0,6,6,31.86,17.7,67.26
780,0,FeA,0,4,0,6,6,35.4,17.7,67.26
781,0,FeA,0,4,0,6,6,38.94,17.7,67.26
782,0,FeA,0,4,0,6,6,42.48,17.7,67.26
783,0,FeA,0,4,0,6,6,46.02,17.7,67.26
784,0,FeA,0,4,0,6,6,49.56,17.7,67.26
785,0,FeA,0,4,0,6,6,53.1,17.7,67.26
786,0,FeA,0,4,0,6,6,56.64,17.7,67.26
787,0,FeA,0,4,0,6,6,60.18,17.7,67.26
788,0,FeA,0,4,0,6,6,63.72,17.7,67.26
789,0,FeA,0,4,0,6,6,67.26,17.7,67.26
790,0,FeA,0,4,0,6,6,70.8,17.7,67.26
791,0,FeA,0,4,0,5,5,74.34,17.7,67.26
792,0,FeA,0,4,0,5,5,0,21.24,67.26
793,0,FeA,0,4,0,6,6,3.54,21.24,67.26
794,0,FeA,0,4,0,6,6,7.08,21.24,67.26
795,0,FeA,0,4,0,6,6,10.62,21.24,67.26
796,0,FeA,0,4,0,6,6,14.16,21.24,67.26
797,0,FeA,0,4,0,6,6,17.7,21.24,67.26
798,0,FeA,0,4,0,6,6,21.24,21.24,67.26
799,0,FeA,0,4,0,6,6,24.78,21.24,67.26
800,0,FeA,0,4,0,6,6,28.32,21.24,67.26
801,0,FeA,0,4,0,6,6,31.86,21.24,67.26
802,0,FeA,0,4,0,6,6,35.4,21.24,67.26
803,0,FeA,0,4,0,6,6,38.94,21.24,67.26
804,0,FeA,0,4,0,6,6,42.48,21.24,67.26
805,0,FeA,0,4,0,6,6,46.02,21.24,67.26
806,0,FeA,0,4,0,6,6,49.56,21.24,67.26
807,0,FeA,0,4,0,6,6,53.1,21.24,67.26
808,0,FeA,0,4,0,6,6,56.64,21.24,67.26
809,0,FeA,0,4,0,6,6,60.18,21.24,67.26
810,0,FeA,0,4,0,6,6,63.72,21.24,67.26
811,0,FeA,0,4,0,6,6,67.26,21.24,67.26
812,0,FeA,0,4,0,6,6,70.8,21.24,67.26
813,0,FeA,0,4,0,5,5,74.34,21.24,67.26
814,0,FeA,0,4,0,5,5,0,24.78,67.26
815,0,FeA,0,4,0,6,6,3.54,24.78,67.26
816,0,FeA,0,4,0,6,6,7.08,24.78,67.26
817,0,FeA,0,4,0,6,6,10.62,24.78,67.26
818,0,FeA,0,4,0,6,6,14.16,24.78,67.26
819,0,FeA,0,4,0,6,6,17.7,24.78,67.26
820,0,FeA,0,4,0,6,6,21.24,24.78,67.26
821,0,FeA,0,4,0,6,6,24.78,24.78,67.26
822,0,FeA,0,4,0,6,6,28.32,24.78,67.26
823,0,FeA,0,4,0,6,6,31.86,24.78,67.26
824,0,FeA,0,4,0,6,6,35.4,24.78,67.26
825,0,FeA,0,4,0,6,6,38.94,24.78,67.26
826,0,FeA,0,4,0,6,6,42.48,24.78,67.26
827,0,FeA,0,4,0,6,6,46.02,24.78,67.26
828,0,FeA,0,4,0,6,6,49.56,24.78,67.26
829,0,FeA,0,4,0,6,6,53.1,24.78,67.26
830,0,FeA,0,4,0,6,6,56.64,24.78,67.26
831,0,FeA,0,4,0,6,6,60.18,24.78,67.26
832,0,FeA,0,4,0,6,6,63.72,24.78,67.26
833,0,FeA,0,4,0,6,6,67.26,24.78,67.26
834,0,FeA,0,4,0,6,6,70.8,24.78,67.26
835,0,FeA,0,4,0,5,5,74.34,24.78,67.26
836,0,FeA,0,4,0,5,5,0,28.32,67.26
837,0,FeA,0,4,0,6,6,3.54,28.32,67.26
838,0,FeA,0,4,0,6,6,7.08,28.32,67.26
839,0,FeA,0,4,0,6,6,10.62,28.32,67.26
840,0,FeA,0,4,0,6,6,14.16,28.32,67.26
841,0,FeA,0,4,0,6,6,17.7,28.32,67.26
842,0,FeA,0,4,0,6,6,21.24,28.32,67.26
843,0,FeA,0,4,0,6,6,24.78,28.32,67.26
844,0,FeA,0,4,0,6,6,28.32,28.32,67.26
845,0,FeA,0,4,0,6,6,31.86,28.32,67.26
846,0,FeA,0,4,0,6,6,35.4,28.32,67.26
847,0,FeA,0,4,0,6,6,38.94,28.32,67.26
848,0,FeA,0,4,0,6,6,42.48,28.32,67.26
849,0,FeA,0,4,0,6,6,46.02,28.32,67.26
850,0,FeA,0,4,0,6,6,49.56,28.32,67.26
851,0,FeA,0,4,0,6,6,53.1,28.32,67.26
852,0,FeA,0,4,0,6,6,56.64,28.32,67.26
853,0,FeA,0,4,0,6,6,60.18,28.32,67.26
854,0,FeA,0,4,0,6,6,63.72,28.32,67.26
855,0,FeA,0,4,0,6,6,67.26,28.32,67.26
856,0,FeA,0,4,0,6,6,70.8,28.32,67.26
857,0,FeA,0,4,0,5,5,74.34,28.32,67.26
858,0,FeA,0,4,0,5,5,0,31.86,67.26
859,0,FeA,0,4,0,6,6,3.54,31.86,67.26
860,0,FeA,0,4,0,6,6,7.08,31.86,67.26
861,0,FeA,0,4,0,6,6,10.62,31.86,67.26
862,0,FeA,0,4,0,6,6,14.16,31.86,67.26
863,0,FeA,0,4,0,6,6,17.7,31.86,67.26
864,0,FeA,0,4,0,6,6,21.24,31.86,67.26
865,0,FeA,0,4,0,6,6,24.78,31.86,67.26
866,0,FeA,0,4,0,6,6,28.32,31.86,67.26
867,0,FeA,0,4,0,6,6,31.86,31.86,67.26
868,0,FeA,0,4,0,6,6,35.4,31.86,67.26
869,0,FeA,0,4,0,6,6,38.94,31.86,67.26
870,0,FeA,0,4,0,6,6,42.48,31.86,67.26
871,0,FeA,0,4,0,6,6,46.02,31.86,67.26
872,0,FeA,0,4,0,6,6,49.56,31.86,67.26
873,0,FeA,0,4,0,6,6,53.1,31.86,67.26
874,0,FeA,0,4,0,6,6,56.64,31.86,67.26
875,0,FeA,0,4,0,6,6,60.18,31.86,67.26
876,0,FeA,0,4,0,6,6,63.72,31.86,67.26
877,0,FeA,0,4,0,6,6,67.26,31.86,67.26
878,0,FeA,0,4,0,6,6,70.8,31.86,67.26
879,0,FeA,0,4,0,5,5,74.34,31.86,67.26
880,0,FeA,0,4,0,4,4,0,0,70.8
881,0,FeA,0,4,0,5,5,3.54,0,70.8
882,0,FeA,0,4,0,5,5,7.08,0,70.8
883,0,FeA,0,4,0,5,5,10.62,0,70.8
884,0,FeA,0,4,0,5,5,14.16,0,70.8
885,0,FeA,0,4,0,5,5,17.7,0,70.8
886,0,FeA,0,4,0,5,5,21.24,0,70.8
887,0,FeA,0,4,0,5,5,24.78,0,70.8
888,0,FeA,0,4,0,5,5,28.32,0,70.8
889,0,FeA,0,4,0,5,5,31.86,0,70.8
890,0,FeA,0,4,0,5,5,35.4,0,70.8
891,0,FeA,0,4,0,5,5,38.94,0,70.8
892,0,FeA,0,4,0,5,5,42.48,0,70.8
893,0,FeA,0,4,0,5,5,46.02,0,70.8
894,0,FeA,0,4,0,5,5,49.56,0,70.8
895,0,FeA,0,4,0,5,5,53.1,0,70.8
896,0,FeA,0,4,0,5,5,56.64,0,70.8
897,0,FeA,0,4,0,5,5,60.18,0,70.8
898,0,FeA,0,4,0,5,5,63.72,0,70.8
899,0,FeA,0,4,0,5,5,67.26,0,70.8
900,0,FeA,0,4,0,5,5,70.8,0,70.8
901,0,FeA,0,4,0,4,4,74.34,0,70.8
902,0,FeA,0,4,0,5,5,0,3.54,70.8
903,0,FeA,0,4,0,6,6,3.54,3.54,70.8
904,0,FeA,0,4,0,6,6,7.08,3.54,70.8
905,0,FeA,0,4,0,6,6,10.62,3.54,70.8
906,0,FeA,0,4,0,6,6,14.16,3.54,70.8
907,0,FeA,0,4,0,6,6,17.7,3.54,70.8
908,0,FeA,0,4,0,6,6,21.24,3.54,70.8
909,0,FeA,0,4,0,6,6,24.78,3.54,70.8
910,0,FeA,0,4,0,6,6,28.32,3.54,70.8
911,0,FeA,0,4,0,6,6,31.86,3.54,70.8
912,0,FeA,0,4,0,6,6,35.4,3.54,70.8
913,0,FeA,0,4,0,6,6,38.94,3.54,70.8
914,0,FeA,0,4,0,6,6,42.48,3.54,70.8
915,0,FeA,0,4,0,6,6,46.02,3.54,70.8
916,0,FeA,0,4,0,6,6,49.56,3.54,70.8
917,0,FeA,0,4,0,6,6,53.1,3.54,70.8
918,0,FeA,0,4,0,6,6,56.64,3.54,70.8
919,0,FeA,0,4,0,6,6,60.18,3.54,70.8
920,0,FeA,0,4,0,6,6,63.72,3.54,70.8
921,0,FeA,0,4,0,6,6,67.26,3.54,70.8
922,0,FeA,0,4,0,6,6,70.8,3.54,70.8
923,0,FeA,0,4,0,5,5,74.34,3.54,70.8
924,0,FeA,0,4,0,5,5,0,7.08,70.8
925,0,FeA,0,4,0,6,6,3.54,7.08,70.8
926,0,FeA,0,4,0,6,6,7.08,7.08,70.8
927,0,FeA,0,4,0,6,6,10.62,7.08,70.8
928,0,FeA,0,4,0,6,6,14.16,7.08,70.8
929,0,FeA,0,4,0,6,6,17.7,7.08,70.8
930,0,FeA,0,4,0,6,6,21.24,7.08,70.8
931,0,FeA,0,4,0,6,6,24.78,7.08,70.8
932,0,FeA,0,4,0,6,6,28.32,7.08,70.8
933,0,FeA,0,4,0,6,6,31.86,7.08,70.8
934,0,FeA,0,4,0,6,6,35.4,7.08,70.8
935,0,FeA,0,4,0,6,6,38.94,7.08,70.8
936,0,FeA,0,4,0,6,6,42.48,7.08,70.8
937,0,FeA,0,4,0,6,6,46.02,7.08,70.8
938,0,FeA,0,4,0,6,6,49.56,7.08,70.8
939,0,FeA,0,4,0,6,6,53.1,7.08,70.8
940,0,FeA,0,4,0,6,6,56.64,7.08,70.8
941,0,FeA,0,4,0,6,6,60.18,7.08,70.8
942,0,FeA,0,4,0,6,6,63.72,7.08,70.8
943,0,FeA,0,4,0,6,6,67.26,7.08,70.8
944,0,FeA,0,4,0,6,6,70.8,7.08,70.8
945,0,FeA,0,4,0,5,5,74.34,7.08,70.8
946,0,FeA,0,4,0,5,5,0,10.62,70.8
947,0,FeA,0,4,0,6,6,3.54,10.62,70.8
948,0,FeA,0,4,0,6,6,7.08,10.62,70.8
949,0,FeA,0,4,0,6,6,10.62,10.62,70.8
950,0,FeA,0,4,0,6,6,14.16,10.62,70.8
951,0,FeA,0,4,0,6,6,17.7,10.62,70.8
952,0,FeA,0,4,0,6,6,21.24,10.62,70.8
953,0,FeA,0,4,0,6,6,24.78,10.62,70.8
954,0,FeA,0,4,0,6,6,28.32,10.62,70.8
955,0,FeA,0,4,0,6,6,31.86,10.62,70.8
956,0,FeA,0,4,0,6,6,35.4,10.62,70.8
957,0,FeA,0,4,0,6,6,38.94,10.62,70.8
958,0,FeA,0,4,0,6,6,42.48,10.62,70.8
959,0,FeA,0,4,0,6,6,46.02,10.62,70.8
960,0,FeA,0,4,0,6,6,49.56,10.62,70.8
961,0,FeA,0,4,0,6,6,53.1,10.62,70.8
962,0,FeA,0,4,0,6,6,56.64,10.62,70.8
963,0,FeA,0,4,0,6,6,60.18,10.62,70.8
964,0,FeA,0,4,0,6,6,63.72,10.62,70.8
965,0,FeA,0,4,0,6,6,67.26,10.62,70.8
966,0,FeA,0,4,0,6,6,70.8,10.62,70.8
967,0,FeA,0,4,0,5,5,74.34,10.62,70.8
968,0,FeA,0,4,0,5,5,0,14.16,70.8
969,0,FeA,0,4,0,6,6,3.54,14.16,70.8
970,0,FeA,0,4,0,6,6,7.08,14.16,70.8
971,0,FeA,0,4,0,6,6,10.62,14.16,70.8
972,0,FeA,0,4,0,6,6,14.16,14.16,70.8
973,0,FeA,0,4,0,6,6,17.7,14.16,70.8
974,0,FeA,0,4,0,6,6,21.24,14.16,70.8
975,0,FeA,0,4,0,6,6,24.78,14.16,70.8
976,0,FeA,0,4,0,6,6,28.32,14.16,70.8
977,0,FeA,0,4,0,6,6,31.86,14.16,70.8
978,0,FeA,0,4,0,6,6,35.4,14.16,70.8
979,0,FeA,0,4,0,6,6,38.94,14.16,70.8
980,0,FeA,0,4,0,6,6,42.48,14.16,70.8
981,0,FeA,0,4,0,6,6,46.02,14.16,70.8
982,0,FeA,0,4,0,6,6,49.56,14.16,70.8
983,0,FeA,0,4,0,6,6,53.1,14.16,70.8
984,0,FeA,0,4,0,6,6,56.64,14.16,70.8
985,0,FeA,0,4,0,6,6,60.18,14.16,70.8
986,0,FeA,0,4,0,6,6,63.72,14.16,70.8
987,0,FeA,0,4,0,6,6,67.26,14.16,70.8
988,0,FeA,0,4,0,6,6,70.8,14.16,70.8
989,0,FeA,0,4,0,5,5,74.34,14.16,70.8
990,0,FeA,0,4,0,5,5,0,17.7,70.8
991,0,FeA,0,4,0,6,6,3.54,17.7,70.8
992,0,FeA,0,4,0,6,6,7.08,17.7,70.8
993,0,FeA,0,4,0,6,6,10.62,17.7,70.8
994,0,FeA,0,4,0,6,6,14.16,17.7,70.8
995,0,FeA,0,4,0,6,6,17.7,17.7,70.8
996,0,FeA,0,4,0,6,6,21.24,17.7,70.8
997,0,FeA,0,4,0,6,6,24.78,17.7,70.8
998,0,FeA,0,4,0,6,6,28.32,17.7,70.8
999,0,FeA,0,4,0,6,6,31.86,17.7,70.8
1000,0,FeA,0,4,0,6,6,35.4,17.7,70.8
1001,0,FeA,0,4,0,6,6,38.94,17.7,70.8
1002,0,FeA,0,4,0,6,6,42.48,17.7,70.8
1003,0,FeA,0,4,0,6,6,46.02,17.7,70.8
1004,0,FeA,0,4,0,6,6,49.56,17.7,70.8
1005,0,FeA,0,4,0,6,6,53.1,17.7,70.8
1006,0,FeA,0,4,0,6,6,56.64,17.7,70.8
1007,0,FeA,0,4,0,6,6,60.18,17.7,70.8
1008,0,FeA,0,4,0,6,6,63.72,17.7,70.8
1009,0,FeA,0,4,0,6,6,67.26,17.7,70.8
1010,0,FeA,0,4,0,6,6,70.8,17.7,70.8
1011,0,FeA,0,4,0,5,5,74.34,17.7,70.8
1012,0,FeA,0,4,0,5,5,0,21.24,70.8
1013,0,FeA,0,4,0,6,6,3.54,21.24,70.8
1014,0,FeA,0,4,0,6,6,7.08,21.24,70.8
1015,0,FeA,0,4,0,6,6,10.62,21.24,70.8
1016,0,FeA,0,4,0,6,6,14.16,21.24,70.8
1017,0,FeA,0,4,0,6,6,17.7,21.24,70.8
1018,0,FeA,0,4,0,6,6,21.24,21.24,70.8
1019,0,FeA,0,4,0,6,6,24.78,21.24,70.8
1020,0,FeA,0,4,0,6,6,28.32,21.24,70.8
1021,0,FeA,0,4,0,6,6,31.86,21.24,70.8
1022,0,FeA,0,4,0,6,6,35.4,21.24,70.8
1023,0,FeA,0,4,0,6,6,38.94,21.24,70.8
1024,0,FeA,0,4,0,6,6,42.48,21.24,70.8
1025,0,FeA,0,4,0,6,6,46.02,21.24,70.8
1026,0,FeA,0,4,0,6,6,49.56,21.24,70.8
1027,0,FeA,0,4,0,6,6,53.1,21.24,70.8
1028,0,FeA,0,4,0,6,6,56.64,21.24,70.8
1029,0,FeA,0,4,0,6,6,60.18,21.24,70.8
1030,0,FeA,0,4,0,6,6,63.72,21.24,70.8
1031,0,FeA,0,4,0,6,6,67.26,21.24,70.8
1032,0,FeA,0,4,0,6,6,70.8,21.24,70.8
1033,0,FeA,0,4,0,5,5,74.34,21.24,70.8
1034,0,FeA,0,4,0,5,5,0,24.78,70.8
1035,0,FeA,0,4,0,6,6,3.54,24.78,70.8
1036,0,FeA,0,4,0,6,6,7.08,24.78,70.8
1037,0,FeA,0,4,0,6,6,10.62,24.78,70.8
1038,0,FeA,0,4,0,6,6,14.16,24.78,70.8
1039,0,FeA,0,4,0,6,6,17.7,24.78,70.8
1040,0,FeA,0,4,0,6,6,21.24,24.78,70.8
1041,0,FeA,0,4,0,6,6,24.78,24.78,70.8
1042,0,FeA,0,4,0,6,6,28.32,24.78,70.8
1043,0,FeA,0,4,0,6,6,31.86,24.78,70.8
1044,0,FeA,0,4,0,6,6,35.4,24.78,70.8
1045,0,FeA,0,4,0,6,6,38.94,24.78,70.8
1046,0,FeA,0,4,0,6,6,42.48,24.78,70.8
1047,0,FeA,0,4,0,6,6,46.02,24.78,70.8
1048,0,FeA,0,4,0,6,6,49.56,24.78,70.8
1049,0,FeA,0,4,0,6,6,53.1,24.78,70.8
1050,0,FeA,0,4,0,6,6,56.64,24.78,70.8
1051,0,FeA,0,4,0,6,6,60.18,24.78,70.8
1052,0,FeA,0,4,0,6,6,63.72,24.78,70.8
1053,0,FeA,0,4,0,6,6,67.26,24.78,70.8
1054,0,FeA,0,4,0,6,6,70.8,24.78,70.8
1055,0,FeA,0,4,0,5,5,74.34,24.78,70.8
1056,0,FeA,0,4,0,5,5,0,28.32,70.8
1057,0,FeA,0,4,0,6,6,3.54,28.32,70.8
1058,0,FeA,0,4,0,6,6,7.08,28.32,70.8
1059,0,FeA,0,4,0,6,6,10.62,28.32,70.8
1060,0,FeA,0,4,0,6,6,14.16,28.32,70.8
1061,0,FeA,0,4,0,6,6,17.7,28.32,70.8
1062,0,FeA,0,4,0,6,6,21.24,28.32,70.8
1063,0,FeA,0,4,0,6,6,24.78,28.32,70.8
1064,0,FeA,0,4,0,6,6,28.32,28.32,70.8
1065,0,FeA,0,4,0,6,6,31.86,28.32,70.8
1066,0,FeA,0,4,0,6,6,35.4,28.32,70.8
1067,0,FeA,0,4,0,6,6,38.94,28.32,70.8
1068,0,FeA,0,4,0,6,6,42.48,28.32,70.8
1069,0,FeA,0,4,0,6,6,46.02,28.32,70.8
1070,0,FeA,0,4,0,6,6,49.56,28.32,70.8
1071,0,FeA,0,4,0,6,6,53.1,28.32,70.8
1072,0,FeA,0,4,0,6,6,56.64,28.32,70.8
1073,0,FeA,0,4,0,6,6,60.18,28.32,70.8
1074,0,FeA,0,4,0,6,6,63.72,28.32,70.8
1075,0,FeA,0,4,0,6,6,67.26,28.32,70.8
1076,0,FeA,0,4,0,6,6,70.8,28.32,70.8
1077,0,FeA,0,4,0,5,5,74.34,28.32,70.8
1078,0,FeA,0,4,0,5,5,0,31.86,70.8
1079,0,FeA,0,4,0,6,6,3.54,31.86,70.8
1080,0,FeA,0,4,0,6,6,7.08,31.86,70.8
1081,0,FeA,0,4,0,6,6,10.62,31.86,70.8
1082,0,FeA,0,4,0,6,6,14.16,31.86,70.8
1083,0,FeA,0,4,0,6,6,17.7,31.86,70.8
1084,0,FeA,0,4,0,6,6,21.24,31.86,70.8
1085,0,FeA,0,4,0,6,6,24.78,31.86,70.8
1086,0,FeA,0,4,0,6,6,28.32,31.86,70.8
1087,0,FeA,0,4,0,6,6,31.86,31.86,70.8
1088,0,FeA,0,4,0,6,6,35.4,31.86,70.8
1089,0,FeA,0,4,0,6,6,38.94,31.86,70.8
1090,0,FeA,0,4,0,6,6,42.48,31.86,70.8
1091,0,FeA,0,4,0,6,6,46.02,31.86,70.8
1092,0,FeA,0,4,0,6,6,49.56,31.86,70.8
1093,0,FeA,0,4,0,6,6,53.1,31.86,70.8
1094,0,FeA,0,4,0,6,6,56.64,31.86,70.8
1095,0,FeA,0,4,0,6,6,60.18,31.86,70.8
1096,0,FeA,0,4,0,6,6,63.72,31.86,70.8
1097,0,FeA,0,4,0,6,6,67.26,31.86,70.8
1098,0,FeA,0,4,0,6,6,70.8,31.86,70.8
1099,0,FeA,0,4,0,5,5,74.34,31.86,70.8
1100,0,FeA,0,4,0,3,3,0,0,74.34
1101,0,FeA,0,4,0,4,4,3.54,0,74.34
1102,0,FeA,0,4,0,4,4,7.08,0,74.34
1103,0,FeA,0,4,0,4,4,10.62,0,74.34
1104,0,FeA,0,4,0,4,4,14.16,0,74.34
1105,0,FeA,0,4,0,4,4,17.7,0,74.34
1106,0,FeA,0,4,0,4,4,21.24,0,74.34
1107,0,FeA,0,4,0,4,4,24.78,0,74.34
1108,0,FeA,0,4,0,4,4,28.32,0,74.34
1109,0,FeA,0,4,0,4,4,31.86,0,74.34
1110,0,FeA,0,4,0,4,4,35.4,0,74.34
1111,0,FeA,0,4,0,4,4,38.94,0,74.34
1112,0,FeA,0,4,0,4,4,42.48,0,74.34
1113,0,FeA,0,4,0,4,4,46.02,0,74.34
1114,0,FeA,0,4,0,4,4,49.56,0,74.34
1115,0,FeA,0,4,0,4,4,53.1,0,74.34
1116,0,FeA,0,4,0,4,4,56.64,0,74.34
1117,0,FeA,0,4,0,4,4,60.18,0,74.34
1118,0,FeA,0,4,0,4,4,63.72,0,74.34
1119,0,FeA,0,4,0,4,4,67.26,0,74.34
1120,0,FeA,0,4,0,4,4,70.8,0,74.34
1121,0,FeA,0,4,0,3,3,74.34,0,74.34
1122,0,FeA,0,4,0,4,4,0,3.54,74.34
1123,0,FeA,0,4,0,5,5,3.54,3.54,74.34
1124,0,FeA,0,4,0,5,5,7.08,3.54,74.34
1125,0,FeA,0,4,0,5,5,10.62,3.54,74.34
1126,0,FeA,0,4,0,5,5,14.16,3.54,74.34
1127,0,FeA,0,4,0,5,5,17.7,3.54,74.34
1128,0,FeA,0,4,0,5,5,21.24,3.54,74.34
1129,0,FeA,0,4,0,5,5,24.78,3.54,74.34
1130,0,FeA,0,4,0,5,5,28.32,3.54,74.34
1131,0,FeA,0,4,0,5,5,31.86,3.54,74.34
1132,0,FeA,0,4,0,5,5,35.4,3.54,74.34
1133,0,FeA,0,4,0,5,5,38.94,3.54,74.34
1134,0,FeA,0,4,0,5,5,42.48,3.54,74.34
1135,0,FeA,0,4,0,5,5,46.02,3.54,74.34
1136,0,FeA,0,4,0,5,5,49.56,3.54,74.34
1137,0,FeA,0,4,0,5,5,53.1,3.54,74.34
1138,0,FeA,0,4,0,5,5,56.64,3.54,74.34
1139,0,FeA,0,4,0,5,5,60.18,3.54,74.34
1140,0,FeA,0,4,0,5,5,63.72,3.54,74.34
1141,0,FeA,0,4,0,5,5,67.26,3.54,74.34
1142,0,FeA,0,4,0,5,5,70.8,3.54,74.34
1143,0,FeA,0,4,0,4,4,74.34,3.54,74.34
1144,0,FeA,0,4,0,4,4,0,7.08,74.34
1145,0,FeA,0,4,0,5,5,3.54,7.08,74.34
1146,0,FeA,0,4,0,5,5,7.08,7.08,74.34
1147,0,FeA,0,4,0,5,5,10.62,7.08,74.34
1148,0,FeA,0,4,0,5,5,14.16,7.08,74.34
1149,0,FeA,0,4,0,5,5,17.7,7.08,74.34
1150,0,FeA,0,4,0,5,5,21.24,7.08,74.34
1151,0,FeA,0,4,0,5,5,24.78,7.08,74.34
1152,0,FeA,0,4,0,5,5,28.32,7.08,74.34
1153,0,FeA,0,4,0,5,5,31.86,7.08,74.34
1154,0,FeA,0,4,0,5,5,35.4,7.08,74.34
1155,0,FeA,0,4,0,5,5,38.94,7.08,74.34
1156,0,FeA,0,4,0,5,5,42.48,7.08,74.34
1157,0,FeA,0,4,0,5,5,46.02,7.08,74.34
1158,0,FeA,0,4,0,5,5,49.56,7.08,74.34
1159,0,FeA,0,4,0,5,5,53.1,7.08,74.34
1160,0,FeA,0,4,0,5,5,56.64,7.08,74.34
1161,0,FeA,0,4,0,5,5,60.18,7.08,74.34
1162,0,FeA,0,4,0,5,5,63.72,7.08,74.34
1163,0,FeA,0,4,0,5,5,67.26,7.08,74.34
1164,0,FeA,0,4,0,5,5,70.8,7.08,74.34
1165,0,FeA,0,4,0,4,4,74.34,7.08,74.34
1166,0,FeA,0,4,0,4,4,0,10.62,74.34
1167,0,FeA,0,4,0,5,5,3.54,10.62,74.34
1168,0,FeA,0,4,0,5,5,7.08,10.62,74.34
1169,0,FeA,0,4,0,5,5,10.62,10.62,74.34
1170,0,FeA,0,4,0,5,5,14.16,10.62,74.34
1171,0,FeA,0,4,0,5,5,17.7,10.62,74.34
1172,0,FeA,0,4,0,5,5,21.24,10.62,74.34
1173,0,FeA,0,4,0,5,5,24.78,10.62,74.34
1174,0,FeA,0,4,0,5,5,28.32,10.62,74.34
1175,0,FeA,0,4,0,5,5,31.86,10.62,74.34
1176,0,FeA,0,4,0,5,5,35.4,10.62,74.34
1177,0,FeA,0,4,0,5,5,38.94,10.62,74.34
1178,0,FeA,0,4,0,5,5,42.48,10.62,74.34
1179,0,FeA,0,4,0,5,5,46.02,10.62,74.34
1180,0,FeA,0,4,0,5,5,49.56,10.62,74.34
1181,0,FeA,0,4,0,5,5,53.1,10.62,74.34
1182,0,FeA,0,4,0,5,5,56.64,10.62,74.34
1183,0,FeA,0,4,0,5,5,60.18,10.62,74.34
1184,0,FeA,0,4,0,5,5,63.72,10.62,74.34
1185,0,FeA,0,4,0,5,5,67.26,10.62,74.34
1186,0,FeA,0,4,0,5,5,70.8,10.62,74.34
1187,0,FeA,0,4,0,4,4,74.34,10.62,74.34
1188,0,FeA,0,4,0,4,4,0,14.16,74.34
1189,0,FeA,0,4,0,5,5,3.54,14.16,74.34
1190,0,FeA,0,4,0,5,5,7.08,14.16,74.34
1191,0,FeA,0,4,0,5,5,10.62,14.16,74.34
1192,0,FeA,0,4,0,5,5,14.16,14.16,74.34
1193,0,FeA,0,4,0,5,5,17.7,14.16,74.34
1194,0,FeA,0,4,0,5,5,21.24,14.16,74.34
1195,0,FeA,0,4,0,5,5,24.78,14.16,74.34
1196,0,FeA,0,4,0,5,5,28.32,14.16,74.34
1197,0,FeA,0,4,0,5,5,31.86,14.16,74.34
1198,0,FeA,0,4,0,5,5,35.4,14.16,74.34
1199,0,FeA,0,4,0,5,5,38.94,14.16,74.34
1200,0,FeA,0,4,0,5,5,42.48,14.16,74.34
1201,0,FeA,0,4,0,5,5,46.02,14.16,74.34
1202,0,FeA,0,4,0,5,5,49.56,14.16,74.34
1203,0,FeA,0,4,0,5,5,53.1,14.16,74.34
1204,0,FeA,0,4,0,5,5,56.64,14.16,74.34
1205,0,FeA,0,4,0,5,5,60.18,14.16,74.34
1206,0,FeA,0,4,0,5,5,63.72,14.16,74.34
1207,0,FeA,0,4,0,5,5,67.26,14.16,74.34
1208,0,FeA,0,4,0,5,5,70.8,14.16,74.34
1209,0,FeA,0,4,0,4,4,74.34,14.16,74.34
1210,0,FeA,0,4,0,4,4,0,17.7,74.34
1211,0,FeA,0,4,0,5,5,3.54,17.7,74.34
1212,0,FeA,0,4,0,5,5,7.08,17.7,74.34
1213,0,FeA,0,4,0,5,5,10.62,17.7,74.34
1214,0,FeA,0,4,0,5,5,14.16,17.7,74.34
1215,0,FeA,0,4,0,5,5,17.7,17.7,74.34
1216,0,FeA,0,4,0,5,5,21.24,17.7,74.34
1217,0,FeA,0,4,0,5,5,24.78,17.7,74.34
1218,0,FeA,0,4,0,5,5,28.32,17.7,74.34
1219,0,FeA,0,4,0,5,5,31.86,17.7,74.34
1220,0,FeA,0,4,0,5,5,35.4,17.7,74.34
1221,0,FeA,0,4,0,5,5,38.94,17.7,74.34
1222,0,FeA,0,4,0,5,5,42.48,17.7,74.34
1223,0,FeA,0,4,0,5,5,46.02,17.7,74.34
1224,0,FeA,0,4,0,5,5,49.56,17.7,74.34
1225,0,FeA,0,4,0,5,5,53.1,17.7,74.34
1226,0,FeA,0,4,0,5,5,56.64,17.7,74.34
1227,0,FeA,0,4,0,5,5,60.18,17.7,74.34
1228,0,FeA,0,4,0,5,5,63.72,17.7,74.34
1229,0,FeA,0,4,0,5,5,67.26,17.7,74.34
1230,0,FeA,0,4,0,5,5,70.8,17.7,74.34
1231,0,FeA,0,4,0,4,4,74.34,17.7,74.34
1232,0,FeA,0,4,0,4,4,0,21.24,74.34
1233,0,FeA,0,4,0,5,5,3.54,21.24,74.34
1234,0,FeA,0,4,0,5,5,7.08,21.24,74.34
1235,0,FeA,0,4,0,5,5,10.62,21.24,74.34
1236,0,FeA,0,4,0,5,5,14.16,21.24,74.34
1237,0,FeA,0,4,0,5,5,17.7,21.24,74.34
1238,0,FeA,0,4,0,5,5,21.24,21.24,74.34
1239,0,FeA,0,4,0,5,5,24.78,21.24,74.34
1240,0,FeA,0,4,0,5,5,28.32,21.24,74.34
1241,0,FeA,0,4,0,5,5,31.86,21.24,74.34
1242,0,FeA,0,4,0,5,5,35.4,21.24,74.34
1243,0,FeA,0,4,0,5,5,38.94,21.24,74.34
1244,0,FeA,0,4,0,5,5,42.48,21.24,74.34
1245,0,FeA,0,4,0,5,5,46.02,21.24,74.34
1246,0,FeA,0,4,0,5,5,49.56,21.24,74.34
1247,0,FeA,0,4,0,5,5,53.1,21.24,74.34
1248,0,FeA,0,4,0,5,5,56.64,21.24,74.34
1249,0,FeA,0,4,0,5,5,60.18,21.24,74.34
1250,0,FeA,0,4,0,5,5,63.72,21.24,74.34
1251,0,FeA,0,4,0,5,5,67.26,21.24,74.34
1252,0,FeA,0,4,0,5,5,70.8,21.24,74.34
1253,0,FeA,0,4,0,4,4,74.34,21.24,74.34
1254,0,FeA,0,4,0,4,4,0,24.78,74.34
1255,0,FeA,0,4,0,5,5,3.54,24.78,74.34
1256,0,FeA,0,4,0,5,5,7.08,24.78,74.34
1257,0,FeA,0,4,0,5,5,10.62,24.78,74.34
1258,0,FeA,0,4,0,5,5,14.16,24.78,74.34
1259,0,FeA,0,4,0,5,5,17.7,24.78,74.34
1260,0,FeA,0,4,0,5,5,21.24,24.78,74.34
1261,0,FeA,0,4,0,5,5,24.78,24.78,74.34
1262,0,FeA,0,4,0,5,5,28.32,24.78,74.34
1263,0,FeA,0,4,0,5,5,31.86,24.78,74.34
1264,0,FeA,0,4,0,5,5,35.4,24.78,74.34
1265,0,FeA,0,4,0,5,5,38.94,24.78,74.34
1266,0,FeA,0,4,0,5,5,42.48,24.78,74.34
1267,0,FeA,0,4,0,5,5,46.02,24.78,74.34
1268,0,FeA,0,4,0,5,5,49.56,24.78,74.34
1269,0,FeA,0,4,0,5,5,53.1,24.78,74.34
1270,0,FeA,0,4,0,5,5,56.64,24.78,74.34
1271,0,FeA,0,4,0,5,5,60.18,24.78,74.34
1272,0,FeA,0,4,0,5,5,63.72,24.78,74.34
1273,0,FeA,0,4,0,5,5,67.26,24.78,74.34
1274,0,FeA,0,4,0,5,5,70.8,24.78,74.34
1275,0,FeA,0,4,0,4,4,74.34,24.78,74.34
1276,0,FeA,0,4,0,4,4,0,28.32,74.34
1277,0,FeA,0,4,0,5,5,3.54,28.32,74.34
1278,0,FeA,0,4,0,5,5,7.08,28.32,74.34
1279,0,FeA,0,4,0,5,5,10.62,28.32,74.34
1280,0,FeA,0,4,0,5,5,14.16,28.32,74.34
1281,0,FeA,0,4,0,5,5,17.7,28.32,74.34
1282,0,FeA,0,4,0,5,5,21.24,28.32,74.34
1283,0,FeA,0,4,0,5,5,24.78,28.32,74.34
1284,0,FeA,0,4,0,5,5,28.32,28.32,74.34
1285,0,FeA,0,4,0,5,5,31.86,28.32,74.34
1286,0,FeA,0,4,0,5,5,35.4,28.32,74.34
1287,0,FeA,0,4,0,5,5,38.94,28.32,74.34
1288,0,FeA,0,4,0,5,5,42.48,28.32,74.34
1289,0,FeA,0,4,0,5,5,46.02,28.32,74.34
1290,0,FeA,0,4,0,5,5,49.56,28.32,74.34
1291,0,FeA,0,4,0,5,5,53.1,28.32,74.34
1292,0,FeA,0,4,0,5,5,56.64,28.32,74.34
1293,0,FeA,0,4,0,5,5,60.18,28.32,74.34
1294,0,FeA,0,4,0,5,5,63.72,28.32,74.34
1295,0,FeA,0,4,0,5,5,67.26,28.32,74.34
1296,0,FeA,0,4,0,5,5,70.8,28.32,74.34
1297,0,FeA,0,4,0,4,4,74.34,28.32,74.34
1298,0,FeA,0,4,0,4,4,0,31.86,74.34
1299,0,FeA,0,4,0,5,5,3.54,31.86,74.34
1300,0,FeA,0,4,0,5,5,7.08,31.86,74.34
1301,0,FeA,0,4,0,5,5,10.62,31.86,74.34
1302,0,FeA,0,4,0,5,5,14.16,31.86,74.34
1303,0,FeA,0,4,0,5,5,17.7,31.86,74.34
1304,0,FeA,0,4,0,5,5,21.24,31.86,74.34
1305,0,FeA,0,4,0,5,5,24.78,31.86,74.34
1306,0,FeA,0,4,0,5,5,28.32,31.86,74.34
1307,0,FeA,0,4,0,5,5,31.86,31.86,74.34
1308,0,FeA,0,4,0,5,5,35.4,31.86,74.34
1309,0,FeA,0,4,0,5,5,38.94,31.86,74.34
1310,0,FeA,0,4,0,5,5,42.48,31.86,74.34
1311,0,FeA,0,4,0,5,5,46.02,31.86,74.34
1312,0,FeA,0,4,0,5,5,49.56,31.86,74.34
1313,0,FeA,0,4,0,5,5,53.1,31.86,74.34
1314,0,FeA,0,4,0,5,5,56.64,31.86,74.34
1315,0,FeA,0,4,0,5,5,60.18,31.86,74.34
1316,0,FeA,0,4,0,5,5,63.72,31.86,74.34
1317,0,FeA,0,4,0,5,5,67.26,31.86,74.34
1318,0,FeA,0,4,0,5,5,70.8,31.86,74.34
1319,0,FeA,0,4,0,4,4,74.34,31.86,74.34
1320,0,FeA,0,4,0,4,4,0,0,53.1
1321,0,FeA,0,4,0,5,5,3.54,0,53.1
1322,0,FeA,0,4,0,5,5,7.08,0,53.1
1323,0,FeA,0,4,0,5,5,10.62,0,53.1
1324,0,FeA,0,4,0,5,5,14.16,0,53.1
1325,0,FeA,0,4,0,5,5,17.7,0,53.1
1326,0,FeA,0,4,0,5,5,21.24,0,53.1
1327,0,FeA,0,4,0,5,5,24.78,0,53.1
1328,0,FeA,0,4,0,5,5,28.32,0,53.1
1329,0,FeA,0,4,0,5,5,31.86,0,53.1
1330,0,FeA,0,4,0,5,5,35.4,0,53.1
1331,0,FeA,0,4,0,5,5,38.94,0,53.1
1332,0,FeA,0,4,0,5,5,42.48,0,53.1
13,3,0,FeA,0,4,0,5,5,46.02,0,53.1
1334,0,FeA,0,4,0,5,5,49.56,0,53.1
1335,0,FeA,0,4,0,5,5,53.1,0,53.1
1336,0,FeA,0,4,0,5,5,56.64,0,53.1
1337,0,FeA,0,4,0,5,5,60.18,0,53.1
1338,0,FeA,0,4,0,5,5,63.72,0,53.1
1339,0,FeA,0,4,0,5,5,67.26,0,53.1
1340,0,FeA,0,4,0,5,5,70.8,0,53.1
1341,0,FeA,0,4,0,4,4,74.34,0,53.1
1342,0,FeA,0,4,0,5,5,0,3.54,53.1
1343,0,FeA,0,4,0,6,6,3.54,3.54,53.1
1344,0,FeA,0,4,0,6,6,7.08,3.54,53.1
1345,0,FeA,0,4,0,6,6,10.62,3.54,53.1
1346,0,FeA,0,4,0,6,6,14.16,3.54,53.1
1347,0,FeA,0,4,0,6,6,17.7,3.54,53.1
1348,0,FeA,0,4,0,6,6,21.24,3.54,53.1
1349,0,FeA,0,4,0,6,6,24.78,3.54,53.1
1350,0,FeA,0,4,0,6,6,28.32,3.54,53.1
1351,0,FeA,0,4,0,6,6,31.86,3.54,53.1
1352,0,FeA,0,4,0,6,6,35.4,3.54,53.1
1353,0,FeA,0,4,0,6,6,38.94,3.54,53.1
1354,0,FeA,0,4,0,6,6,42.48,3.54,53.1
1355,0,FeA,0,4,0,6,6,46.02,3.54,53.1
1356,0,FeA,0,4,0,6,6,49.56,3.54,53.1
1357,0,FeA,0,4,0,6,6,53.1,3.54,53.1
1358,0,FeA,0,4,0,6,6,56.64,3.54,53.1
1359,0,FeA,0,4,0,6,6,60.18,3.54,53.1
1360,0,FeA,0,4,0,6,6,63.72,3.54,53.1
1361,0,FeA,0,4,0,6,6,67.26,3.54,53.1
1362,0,FeA,0,4,0,6,6,70.8,3.54,53.1
1363,0,FeA,0,4,0,5,5,74.34,3.54,53.1
1364,0,FeA,0,4,0,5,5,0,7.08,53.1
1365,0,FeA,0,4,0,6,6,3.54,7.08,53.1
1366,0,FeA,0,4,0,6,6,7.08,7.08,53.1
1367,0,FeA,0,4,0,6,6,10.62,7.08,53.1
1368,0,FeA,0,4,0,6,6,14.16,7.08,53.1
1369,0,FeA,0,4,0,6,6,17.7,7.08,53.1
1370,0,FeA,0,4,0,6,6,21.24,7.08,53.1
1371,0,FeA,0,4,0,6,6,24.78,7.08,53.1
1372,0,FeA,0,4,0,6,6,28.32,7.08,53.1
1373,0,FeA,0,4,0,6,6,31.86,7.08,53.1
1374,0,FeA,0,4,0,6,6,35.4,7.08,53.1
1375,0,FeA,0,4,0,6,6,38.94,7.08,53.1
1376,0,FeA,0,4,0,6,6,42.48,7.08,53.1
1377,0,FeA,0,4,0,6,6,46.02,7.08,53.1
1378,0,FeA,0,4,0,6,6,49.56,7.08,53.1
1379,0,FeA,0,4,0,6,6,53.1,7.08,53.1
1380,0,FeA,0,4,0,6,6,56.64,7.08,53.1
1381,0,FeA,0,4,0,6,6,60.18,7.08,53.1
1382,0,FeA,0,4,0,6,6,63.72,7.08,53.1
1383,0,FeA,0,4,0,6,6,67.26,7.08,53.1
1384,0,FeA,0,4,0,6,6,70.8,7.08,53.1
1385,0,FeA,0,4,0,5,5,74.34,7.08,53.1
1386,0,FeA,0,4,0,5,5,0,10.62,53.1
1387,0,FeA,0,4,0,6,6,3.54,10.62,53.1
1388,0,FeA,0,4,0,6,6,7.08,10.62,53.1
1389,0,FeA,0,4,0,6,6,10.62,10.62,53.1
1390,0,FeA,0,4,0,6,6,14.16,10.62,53.1
1391,0,FeA,0,4,0,6,6,17.7,10.62,53.1
1392,0,FeA,0,4,0,6,6,21.24,10.62,53.1
1393,0,FeA,0,4,0,6,6,24.78,10.62,53.1
1394,0,FeA,0,4,0,6,6,28.32,10.62,53.1
1395,0,FeA,0,4,0,6,6,31.86,10.62,53.1
1396,0,FeA,0,4,0,6,6,35.4,10.62,53.1
1397,0,FeA,0,4,0,6,6,38.94,10.62,53.1
1398,0,FeA,0,4,0,6,6,42.48,10.62,53.1
1399,0,FeA,0,4,0,6,6,46.02,10.62,53.1
1400,0,FeA,0,4,0,6,6,49.56,10.62,53.1
1401,0,FeA,0,4,0,6,6,53.1,10.62,53.1
1402,0,FeA,0,4,0,6,6,56.64,10.62,53.1
1403,0,FeA,0,4,0,6,6,60.18,10.62,53.1
1404,0,FeA,0,4,0,6,6,63.72,10.62,53.1
1405,0,FeA,0,4,0,6,6,67.26,10.62,53.1
1406,0,FeA,0,4,0,6,6,70.8,10.62,53.1
1407,0,FeA,0,4,0,5,5,74.34,10.62,53.1
1408,0,FeA,0,4,0,5,5,0,14.16,53.1
1409,0,FeA,0,4,0,6,6,3.54,14.16,53.1
1410,0,FeA,0,4,0,6,6,7.08,14.16,53.1
1411,0,FeA,0,4,0,6,6,10.62,14.16,53.1
1412,0,FeA,0,4,0,6,6,14.16,14.16,53.1
1413,0,FeA,0,4,0,6,6,17.7,14.16,53.1
1414,0,FeA,0,4,0,6,6,21.24,14.16,53.1
1415,0,FeA,0,4,0,6,6,24.78,14.16,53.1
1416,0,FeA,0,4,0,6,6,28.32,14.16,53.1
1417,0,FeA,0,4,0,6,6,31.86,14.16,53.1
1418,0,FeA,0,4,0,6,6,35.4,14.16,53.1
1419,0,FeA,0,4,0,6,6,38.94,14.16,53.1
1420,0,FeA,0,4,0,6,6,42.48,14.16,53.1
1421,0,FeA,0,4,0,6,6,46.02,14.16,53.1
1422,0,FeA,0,4,0,6,6,49.56,14.16,53.1
1423,0,FeA,0,4,0,6,6,53.1,14.16,53.1
1424,0,FeA,0,4,0,6,6,56.64,14.16,53.1
1425,0,FeA,0,4,0,6,6,60.18,14.16,53.1
1426,0,FeA,0,4,0,6,6,63.72,14.16,53.1
1427,0,FeA,0,4,0,6,6,67.26,14.16,53.1
1428,0,FeA,0,4,0,6,6,70.8,14.16,53.1
1429,0,FeA,0,4,0,5,5,74.34,14.16,53.1
1430,0,FeA,0,4,0,5,5,0,17.7,53.1
1431,0,FeA,0,4,0,6,6,3.54,17.7,53.1
1432,0,FeA,0,4,0,6,6,7.08,17.7,53.1
1433,0,FeA,0,4,0,6,6,10.62,17.7,53.1
1434,0,FeA,0,4,0,6,6,14.16,17.7,53.1
1435,0,FeA,0,4,0,6,6,17.7,17.7,53.1
1436,0,FeA,0,4,0,6,6,21.24,17.7,53.1
1437,0,FeA,0,4,0,6,6,24.78,17.7,53.1
1438,0,FeA,0,4,0,6,6,28.32,17.7,53.1
1439,0,FeA,0,4,0,6,6,31.86,17.7,53.1
1440,0,FeA,0,4,0,6,6,35.4,17.7,53.1
1441,0,FeA,0,4,0,6,6,38.94,17.7,53.1
1442,0,FeA,0,4,0,6,6,42.48,17.7,53.1
1443,0,FeA,0,4,0,6,6,46.02,17.7,53.1
1444,0,FeA,0,4,0,6,6,49.56,17.7,53.1
1445,0,FeA,0,4,0,6,6,53.1,17.7,53.1
1446,0,FeA,0,4,0,6,6,56.64,17.7,53.1
1447,0,FeA,0,4,0,6,6,60.18,17.7,53.1
1448,0,FeA,0,4,0,6,6,63.72,17.7,53.1
1449,0,FeA,0,4,0,6,6,67.26,17.7,53.1
1450,0,FeA,0,4,0,6,6,70.8,17.7,53.1
1451,0,FeA,0,4,0,5,5,74.34,17.7,53.1
1452,0,FeA,0,4,0,5,5,0,21.24,53.1
1453,0,FeA,0,4,0,6,6,3.54,21.24,53.1
1454,0,FeA,0,4,0,6,6,7.08,21.24,53.1
1455,0,FeA,0,4,0,6,6,10.62,21.24,53.1
1456,0,FeA,0,4,0,6,6,14.16,21.24,53.1
1457,0,FeA,0,4,0,6,6,17.7,21.24,53.1
1458,0,FeA,0,4,0,6,6,21.24,21.24,53.1
1459,0,FeA,0,4,0,6,6,24.78,21.24,53.1
1460,0,FeA,0,4,0,6,6,28.32,21.24,53.1
1461,0,FeA,0,4,0,6,6,31.86,21.24,53.1
1462,0,FeA,0,4,0,6,6,35.4,21.24,53.1
1463,0,FeA,0,4,0,6,6,38.94,21.24,53.1
1464,0,FeA,0,4,0,6,6,42.48,21.24,53.1
1465,0,FeA,0,4,0,6,6,46.02,21.24,53.1
1466,0,FeA,0,4,0,6,6,49.56,21.24,53.1
1467,0,FeA,0,4,0,6,6,53.1,21.24,53.1
1468,0,FeA,0,4,0,6,6,56.64,21.24,53.1
1469,0,FeA,0,4,0,6,6,60.18,21.24,53.1
1470,0,FeA,0,4,0,6,6,63.72,21.24,53.1
1471,0,FeA,0,4,0,6,6,67.26,21.24,53.1
1472,0,FeA,0,4,0,6,6,70.8,21.24,53.1
1473,0,FeA,0,4,0,5,5,74.34,21.24,53.1
1474,0,FeA,0,4,0,5,5,0,24.78,53.1
1475,0,FeA,0,4,0,6,6,3.54,24.78,53.1
1476,0,FeA,0,4,0,6,6,7.08,24.78,53.1
1477,0,FeA,0,4,0,6,6,10.62,24.78,53.1
1478,0,FeA,0,4,0,6,6,14.16,24.78,53.1
1479,0,FeA,0,4,0,6,6,17.7,24.78,53.1
1480,0,FeA,0,4,0,6,6,21.24,24.78,53.1
1481,0,FeA,0,4,0,6,6,24.78,24.78,53.1
1482,0,FeA,0,4,0,6,6,28.32,24.78,53.1
1483,0,FeA,0,4,0,6,6,31.86,24.78,53.1
1484,0,FeA,0,4,0,6,6,35.4,24.78,53.1
1485,0,FeA,0,4,0,6,6,38.94,24.78,53.1
1486,0,FeA,0,4,0,6,6,42.48,24.78,53.1
1487,0,FeA,0,4,0,6,6,46.02,24.78,53.1
1488,0,FeA,0,4,0,6,6,49.56,24.78,53.1
1489,0,FeA,0,4,0,6,6,53.1,24.78,53.1
1490,0,FeA,0,4,0,6,6,56.64,24.78,53.1
1491,0,FeA,0,4,0,6,6,60.18,24.78,53.1
1492,0,FeA,0,4,0,6,6,63.72,24.78,53.1
1493,0,FeA,0,4,0,6,6,67.26,24.78,53.1
1494,0,FeA,0,4,0,6,6,70.8,24.78,53.1
1495,0,FeA,0,4,0,5,5,74.34,24.78,53.1
1496,0,FeA,0,4,0,5,5,0,28.32,53.1
1497,0,FeA,0,4,0,6,6,3.54,28.32,53.1
1498,0,FeA,0,4,0,6,6,7.08,28.32,53.1
1499,0,FeA,0,4,0,6,6,10.62,28.32,53.1
1500,0,FeA,0,4,0,6,6,14.16,28.32,53.1
1501,0,FeA,0,4,0,6,6,17.7,28.32,53.1
1502,0,FeA,0,4,0,6,6,21.24,28.32,53.1
1503,0,FeA,0,4,0,6,6,24.78,28.32,53.1
1504,0,FeA,0,4,0,6,6,28.32,28.32,53.1
1505,0,FeA,0,4,0,6,6,31.86,28.32,53.1
1506,0,FeA,0,4,0,6,6,35.4,28.32,53.1
1507,0,FeA,0,4,0,6,6,38.94,28.32,53.1
1508,0,FeA,0,4,0,6,6,42.48,28.32,53.1
1509,0,FeA,0,4,0,6,6,46.02,28.32,53.1
1510,0,FeA,0,4,0,6,6,49.56,28.32,53.1
1511,0,FeA,0,4,0,6,6,53.1,28.32,53.1
1512,0,FeA,0,4,0,6,6,56.64,28.32,53.1
1513,0,FeA,0,4,0,6,6,60.18,28.32,53.1
1514,0,FeA,0,4,0,6,6,63.72,28.32,53.1
1515,0,FeA,0,4,0,6,6,67.26,28.32,53.1
1516,0,FeA,0,4,0,6,6,70.8,28.32,53.1
1517,0,FeA,0,4,0,5,5,74.34,28.32,53.1
1518,0,FeA,0,4,0,5,5,0,31.86,53.1
1519,0,FeA,0,4,0,6,6,3.54,31.86,53.1
1520,0,FeA,0,4,0,6,6,7.08,31.86,53.1
1521,0,FeA,0,4,0,6,6,10.62,31.86,53.1
1522,0,FeA,0,4,0,6,6,14.16,31.86,53.1
1523,0,FeA,0,4,0,6,6,17.7,31.86,53.1
1524,0,FeA,0,4,0,6,6,21.24,31.86,53.1
1525,0,FeA,0,4,0,6,6,24.78,31.86,53.1
1526,0,FeA,0,4,0,6,6,28.32,31.86,53.1
1527,0,FeA,0,4,0,6,6,31.86,31.86,53.1
1528,0,FeA,0,4,0,6,6,35.4,31.86,53.1
1529,0,FeA,0,4,0,6,6,38.94,31.86,53.1
1530,0,FeA,0,4,0,6,6,42.48,31.86,53.1
1531,0,FeA,0,4,0,6,6,46.02,31.86,53.1
1532,0,FeA,0,4,0,6,6,49.56,31.86,53.1
1533,0,FeA,0,4,0,6,6,53.1,31.86,53.1
1534,0,FeA,0,4,0,6,6,56.64,31.86,53.1
1535,0,FeA,0,4,0,6,6,60.18,31.86,53.1
1536,0,FeA,0,4,0,6,6,63.72,31.86,53.1
1537,0,FeA,0,4,0,6,6,67.26,31.86,53.1
1538,0,FeA,0,4,0,6,6,70.8,31.86,53.1
1539,0,FeA,0,4,0,5,5,74.34,31.86,53.1
1540,0,FeA,0,4,0,5,5,0,35.4,53.1
1541,0,FeA,0,4,0,6,6,3.54,35.4,53.1
1542,0,FeA,0,4,0,6,6,7.08,35.4,53.1
1543,0,FeA,0,4,0,6,6,10.62,35.4,53.1
1544,0,FeA,0,4,0,6,6,14.16,35.4,53.1
1545,0,FeA,0,4,0,6,6,17.7,35.4,53.1
1546,0,FeA,0,4,0,6,6,21.24,35.4,53.1
1547,0,FeA,0,4,0,6,6,24.78,35.4,53.1
1548,0,FeA,0,4,0,6,6,28.32,35.4,53.1
1549,0,FeA,0,4,0,6,6,31.86,35.4,53.1
1550,0,FeA,0,4,0,6,6,35.4,35.4,53.1
1551,0,FeA,0,4,0,6,6,38.94,35.4,53.1
1552,0,FeA,0,4,0,6,6,42.48,35.4,53.1
1553,0,FeA,0,4,0,6,6,46.02,35.4,53.1
1554,0,FeA,0,4,0,6,6,49.56,35.4,53.1
1555,0,FeA,0,4,0,6,6,53.1,35.4,53.1
1556,0,FeA,0,4,0,6,6,56.64,35.4,53.1
1557,0,FeA,0,4,0,6,6,60.18,35.4,53.1
1558,0,FeA,0,4,0,6,6,63.72,35.4,53.1
1559,0,FeA,0,4,0,6,6,67.26,35.4,53.1
1560,0,FeA,0,4,0,6,6,70.8,35.4,53.1
1561,0,FeA,0,4,0,5,5,74.34,35.4,53.1
1562,0,FeA,0,4,0,5,5,0,35.4,56.64
1563,0,FeA,0,4,0,6,6,3.54,35.4,56.64
1564,0,FeA,0,4,0,6,6,7.08,35.4,56.64
1565,0,FeA,0,4,0,6,6,10.62,35.4,56.64
1566,0,FeA,0,4,0,6,6,14.16,35.4,56.64
1567,0,FeA,0,4,0,6,6,17.7,35.4,56.64
1568,0,FeA,0,4,0,6,6,21.24,35.4,56.64
1569,0,FeA,0,4,0,6,6,24.78,35.4,56.64
1570,0,FeA,0,4,0,6,6,28.32,35.4,56.64
1571,0,FeA,0,4,0,6,6,31.86,35.4,56.64
1572,0,FeA,0,4,0,6,6,35.4,35.4,56.64
1573,0,FeA,0,4,0,6,6,38.94,35.4,56.64
1574,0,FeA,0,4,0,6,6,42.48,35.4,56.64
1575,0,FeA,0,4,0,6,6,46.02,35.4,56.64
1576,0,FeA,0,4,0,6,6,49.56,35.4,56.64
1577,0,FeA,0,4,0,6,6,53.1,35.4,56.64
1578,0,FeA,0,4,0,6,6,56.64,35.4,56.64
1579,0,FeA,0,4,0,6,6,60.18,35.4,56.64
1580,0,FeA,0,4,0,6,6,63.72,35.4,56.64
1581,0,FeA,0,4,0,6,6,67.26,35.4,56.64
1582,0,FeA,0,4,0,6,6,70.8,35.4,56.64
1583,0,FeA,0,4,0,5,5,74.34,35.4,56.64
1584,0,FeA,0,4,0,5,5,0,35.4,60.18
1585,0,FeA,0,4,0,6,6,3.54,35.4,60.18
1586,0,FeA,0,4,0,6,6,7.08,35.4,60.18
1587,0,FeA,0,4,0,6,6,10.62,35.4,60.18
1588,0,FeA,0,4,0,6,6,14.16,35.4,60.18
1589,0,FeA,0,4,0,6,6,17.7,35.4,60.18
1590,0,FeA,0,4,0,6,6,21.24,35.4,60.18
1591,0,FeA,0,4,0,6,6,24.78,35.4,60.18
1592,0,FeA,0,4,0,6,6,28.32,35.4,60.18
1593,0,FeA,0,4,0,6,6,31.86,35.4,60.18
1594,0,FeA,0,4,0,6,6,35.4,35.4,60.18
1595,0,FeA,0,4,0,6,6,38.94,35.4,60.18
1596,0,FeA,0,4,0,6,6,42.48,35.4,60.18
1597,0,FeA,0,4,0,6,6,46.02,35.4,60.18
1598,0,FeA,0,4,0,6,6,49.56,35.4,60.18
1599,0,FeA,0,4,0,6,6,53.1,35.4,60.18
1600,0,FeA,0,4,0,6,6,56.64,35.4,60.18
1601,0,FeA,0,4,0,6,6,60.18,35.4,60.18
1602,0,FeA,0,4,0,6,6,63.72,35.4,60.18
1603,0,FeA,0,4,0,6,6,67.26,35.4,60.18
1604,0,FeA,0,4,0,6,6,70.8,35.4,60.18
1605,0,FeA,0,4,0,5,5,74.34,35.4,60.18
1606,0,FeA,0,4,0,5,5,0,35.4,63.72
1607,0,FeA,0,4,0,6,6,3.54,35.4,63.72
1608,0,FeA,0,4,0,6,6,7.08,35.4,63.72
1609,0,FeA,0,4,0,6,6,10.62,35.4,63.72
1610,0,FeA,0,4,0,6,6,14.16,35.4,63.72
1611,0,FeA,0,4,0,6,6,17.7,35.4,63.72
1612,0,FeA,0,4,0,6,6,21.24,35.4,63.72
1613,0,FeA,0,4,0,6,6,24.78,35.4,63.72
1614,0,FeA,0,4,0,6,6,28.32,35.4,63.72
1615,0,FeA,0,4,0,6,6,31.86,35.4,63.72
1616,0,FeA,0,4,0,6,6,35.4,35.4,63.72
1617,0,FeA,0,4,0,6,6,38.94,35.4,63.72
1618,0,FeA,0,4,0,6,6,42.48,35.4,63.72
1619,0,FeA,0,4,0,6,6,46.02,35.4,63.72
1620,0,FeA,0,4,0,6,6,49.56,35.4,63.72
1621,0,FeA,0,4,0,6,6,53.1,35.4,63.72
1622,0,FeA,0,4,0,6,6,56.64,35.4,63.72
1623,0,FeA,0,4,0,6,6,60.18,35.4,63.72
1624,0,FeA,0,4,0,6,6,63.72,35.4,63.72
1625,0,FeA,0,4,0,6,6,67.26,35.4,63.72
1626,0,FeA,0,4,0,6,6,70.8,35.4,63.72
1627,0,FeA,0,4,0,5,5,74.34,35.4,63.72
1628,0,FeA,0,4,0,5,5,0,35.4,67.26
1629,0,FeA,0,4,0,6,6,3.54,35.4,67.26
1630,0,FeA,0,4,0,6,6,7.08,35.4,67.26
1631,0,FeA,0,4,0,6,6,10.62,35.4,67.26
1632,0,FeA,0,4,0,6,6,14.16,35.4,67.26
1633,0,FeA,0,4,0,6,6,17.7,35.4,67.26
1634,0,FeA,0,4,0,6,6,21.24,35.4,67.26
1635,0,FeA,0,4,0,6,6,24.78,35.4,67.26
1636,0,FeA,0,4,0,6,6,28.32,35.4,67.26
1637,0,FeA,0,4,0,6,6,31.86,35.4,67.26
1638,0,FeA,0,4,0,6,6,35.4,35.4,67.26
1639,0,FeA,0,4,0,6,6,38.94,35.4,67.26
1640,0,FeA,0,4,0,6,6,42.48,35.4,67.26
1641,0,FeA,0,4,0,6,6,46.02,35.4,67.26
1642,0,FeA,0,4,0,6,6,49.56,35.4,67.26
1643,0,FeA,0,4,0,6,6,53.1,35.4,67.26
1644,0,FeA,0,4,0,6,6,56.64,35.4,67.26
1645,0,FeA,0,4,0,6,6,60.18,35.4,67.26
1646,0,FeA,0,4,0,6,6,63.72,35.4,67.26
1647,0,FeA,0,4,0,6,6,67.26,35.4,67.26
1648,0,FeA,0,4,0,6,6,70.8,35.4,67.26
1649,0,FeA,0,4,0,5,5,74.34,35.4,67.26
1650,0,FeA,0,4,0,5,5,0,35.4,70.8
1651,0,FeA,0,4,0,6,6,3.54,35.4,70.8
1652,0,FeA,0,4,0,6,6,7.08,35.4,70.8
1653,0,FeA,0,4,0,6,6,10.62,35.4,70.8
1654,0,FeA,0,4,0,6,6,14.16,35.4,70.8
1655,0,FeA,0,4,0,6,6,17.7,35.4,70.8
1656,0,FeA,0,4,0,6,6,21.24,35.4,70.8
1657,0,FeA,0,4,0,6,6,24.78,35.4,70.8
1658,0,FeA,0,4,0,6,6,28.32,35.4,70.8
1659,0,FeA,0,4,0,6,6,31.86,35.4,70.8
1660,0,FeA,0,4,0,6,6,35.4,35.4,70.8
1661,0,FeA,0,4,0,6,6,38.94,35.4,70.8
1662,0,FeA,0,4,0,6,6,42.48,35.4,70.8
1663,0,FeA,0,4,0,6,6,46.02,35.4,70.8
1664,0,FeA,0,4,0,6,6,49.56,35.4,70.8
1665,0,FeA,0,4,0,6,6,53.1,35.4,70.8
1666,0,FeA,0,4,0,6,6,56.64,35.4,70.8
1667,0,FeA,0,4,0,6,6,60.18,35.4,70.8
1668,0,FeA,0,4,0,6,6,63.72,35.4,70.8
1669,0,FeA,0,4,0,6,6,67.26,35.4,70.8
1670,0,FeA,0,4,0,6,6,70.8,35.4,70.8
1671,0,FeA,0,4,0,5,5,74.34,35.4,70.8
1672,0,FeA,0,4,0,4,4,0,35.4,74.34
1673,0,FeA,0,4,0,5,5,3.54,35.4,74.34
1674,0,FeA,0,4,0,5,5,7.08,35.4,74.34
1675,0,FeA,0,4,0,5,5,10.62,35.4,74.34
1676,0,FeA,0,4,0,5,5,14.16,35.4,74.34
1677,0,FeA,0,4,0,5,5,17.7,35.4,74.34
1678,0,FeA,0,4,0,5,5,21.24,35.4,74.34
1679,0,FeA,0,4,0,5,5,24.78,35.4,74.34
1680,0,FeA,0,4,0,5,5,28.32,35.4,74.34
1681,0,FeA,0,4,0,5,5,31.86,35.4,74.34
1682,0,FeA,0,4,0,5,5,35.4,35.4,74.34
1683,0,FeA,0,4,0,5,5,38.94,35.4,74.34
1684,0,FeA,0,4,0,5,5,42.48,35.4,74.34
1685,0,FeA,0,4,0,5,5,46.02,35.4,74.34
1686,0,FeA,0,4,0,5,5,49.56,35.4,74.34
1687,0,FeA,0,4,0,5,5,53.1,35.4,74.34
1688,0,FeA,0,4,0,5,5,56.64,35.4,74.34
1689,0,FeA,0,4,0,5,5,60.18,35.4,74.34
1690,0,FeA,0,4,0,5,5,63.72,35.4,74.34
1691,0,FeA,0,4,0,5,5,67.26,35.4,74.34
1692,0,FeA,0,4,0,5,5,70.8,35.4,74.34
1693,0,FeA,0,4,0,4,4,74.34,35.4,74.34
1694,0,FeA,0,4,0,0,0,0,0,49.56
1695,0,FeA,0,4,0,0,0,3.54,0,49.56
1696,0,FeA,0,4,0,0,0,7.08,0,49.56
1697,0,FeA,0,4,0,0,0,10.62,0,49.56
1698,0,FeA,0,4,0,0,0,14.16,0,49.56
1699,0,FeA,0,4,0,0,0,17.7,0,49.56
1700,0,FeA,0,4,0,0,0,21.24,0,49.56
1701,0,FeA,0,4,0,0,0,24.78,0,49.56
1702,0,FeA,0,4,0,0,0,28.32,0,49.56
1703,0,FeA,0,4,0,0,0,31.86,0,49.56
1704,0,FeA,0,4,0,0,0,35.4,0,49.56
1705,0,FeA,0,4,0,0,0,38.94,0,49.56
1706,0,FeA,0,4,0,0,0,42.48,0,49.56
1707,0,FeA,0,4,0,0,0,46.02,0,49.56
1708,0,FeA,0,4,0,0,0,49.56,0,49.56
1709,0,FeA,0,4,0,0,0,53.1,0,49.56
1710,0,FeA,0,4,0,0,0,56.64,0,49.56
1711,0,FeA,0,4,0,0,0,60.18,0,49.56
1712,0,FeA,0,4,0,0,0,63.72,0,49.56
1713,0,FeA,0,4,0,0,0,67.26,0,49.56
1714,0,FeA,0,4,0,0,0,70.8,0,49.56
1715,0,FeA,0,4,0,0,0,74.34,0,49.56
1716,0,FeA,0,4,0,0,0,0,3.54,49.56
1717,0,FeA,0,4,0,0,0,3.54,3.54,49.56
1718,0,FeA,0,4,0,0,0,7.08,3.54,49.56
1719,0,FeA,0,4,0,0,0,10.62,3.54,49.56
1720,0,FeA,0,4,0,0,0,14.16,3.54,49.56
1721,0,FeA,0,4,0,0,0,17.7,3.54,49.56
1722,0,FeA,0,4,0,0,0,21.24,3.54,49.56
1723,0,FeA,0,4,0,0,0,24.78,3.54,49.56
1724,0,FeA,0,4,0,0,0,28.32,3.54,49.56
1725,0,FeA,0,4,0,0,0,31.86,3.54,49.56
1726,0,FeA,0,4,0,0,0,35.4,3.54,49.56
1727,0,FeA,0,4,0,0,0,38.94,3.54,49.56
1728,0,FeA,0,4,0,0,0,42.48,3.54,49.56
1729,0,FeA,0,4,0,0,0,46.02,3.54,49.56
1730,0,FeA,0,4,0,0,0,49.56,3.54,49.56
1731,0,FeA,0,4,0,0,0,53.1,3.54,49.56
1732,0,FeA,0,4,0,0,0,56.64,3.54,49.56
1733,0,FeA,0,4,0,0,0,60.18,3.54,49.56
1734,0,FeA,0,4,0,0,0,63.72,3.54,49.56
1735,0,FeA,0,4,0,0,0,67.26,3.54,49.56
1736,0,FeA,0,4,0,0,0,70.8,3.54,49.56
1737,0,FeA,0,4,0,0,0,74.34,3.54,49.56
1738,0,FeA,0,4,0,0,0,0,7.08,49.56
1739,0,FeA,0,4,0,0,0,3.54,7.08,49.56
1740,0,FeA,0,4,0,0,0,7.08,7.08,49.56
1741,0,FeA,0,4,0,0,0,10.62,7.08,49.56
1742,0,FeA,0,4,0,0,0,14.16,7.08,49.56
1743,0,FeA,0,4,0,0,0,17.7,7.08,49.56
1744,0,FeA,0,4,0,0,0,21.24,7.08,49.56
1745,0,FeA,0,4,0,0,0,24.78,7.08,49.56
1746,0,FeA,0,4,0,0,0,28.32,7.08,49.56
1747,0,FeA,0,4,0,0,0,31.86,7.08,49.56
1748,0,FeA,0,4,0,0,0,35.4,7.08,49.56
1749,0,FeA,0,4,0,0,0,38.94,7.08,49.56
1750,0,FeA,0,4,0,0,0,42.48,7.08,49.56
1751,0,FeA,0,4,0,0,0,46.02,7.08,49.56
1752,0,FeA,0,4,0,0,0,49.56,7.08,49.56
1753,0,FeA,0,4,0,0,0,53.1,7.08,49.56
1754,0,FeA,0,4,0,0,0,56.64,7.08,49.56
1755,0,FeA,0,4,0,0,0,60.18,7.08,49.56
1756,0,FeA,0,4,0,0,0,63.72,7.08,49.56
1757,0,FeA,0,4,0,0,0,67.26,7.08,49.56
1758,0,FeA,0,4,0,0,0,70.8,7.08,49.56
1759,0,FeA,0,4,0,0,0,74.34,7.08,49.56
1760,0,FeA,0,4,0,0,0,0,10.62,49.56
1761,0,FeA,0,4,0,0,0,3.54,10.62,49.56
1762,0,FeA,0,4,0,0,0,7.08,10.62,49.56
1763,0,FeA,0,4,0,0,0,10.62,10.62,49.56
1764,0,FeA,0,4,0,0,0,14.16,10.62,49.56
1765,0,FeA,0,4,0,0,0,17.7,10.62,49.56
1766,0,FeA,0,4,0,0,0,21.24,10.62,49.56
1767,0,FeA,0,4,0,0,0,24.78,10.62,49.56
1768,0,FeA,0,4,0,0,0,28.32,10.62,49.56
1769,0,FeA,0,4,0,0,0,31.86,10.62,49.56
1770,0,FeA,0,4,0,0,0,35.4,10.62,49.56
1771,0,FeA,0,4,0,0,0,38.94,10.62,49.56
1772,0,FeA,0,4,0,0,0,42.48,10.62,49.56
1773,0,FeA,0,4,0,0,0,46.02,10.62,49.56
1774,0,FeA,0,4,0,0,0,49.56,10.62,49.56
1775,0,FeA,0,4,0,0,0,53.1,10.62,49.56
1776,0,FeA,0,4,0,0,0,56.64,10.62,49.56
1777,0,FeA,0,4,0,0,0,60.18,10.62,49.56
1778,0,FeA,0,4,0,0,0,63.72,10.62,49.56
1779,0,FeA,0,4,0,0,0,67.26,10.62,49.56
1780,0,FeA,0,4,0,0,0,70.8,10.62,49.56
1781,0,FeA,0,4,0,0,0,74.34,10.62,49.56
1782,0,FeA,0,4,0,0,0,0,14.16,49.56
1783,0,FeA,0,4,0,0,0,3.54,14.16,49.56
1784,0,FeA,0,4,0,0,0,7.08,14.16,49.56
1785,0,FeA,0,4,0,0,0,10.62,14.16,49.56
1786,0,FeA,0,4,0,0,0,14.16,14.16,49.56
1787,0,FeA,0,4,0,0,0,17.7,14.16,49.56
1788,0,FeA,0,4,0,0,0,21.24,14.16,49.56
1789,0,FeA,0,4,0,0,0,24.78,14.16,49.56
1790,0,FeA,0,4,0,0,0,28.32,14.16,49.56
1791,0,FeA,0,4,0,0,0,31.86,14.16,49.56
1792,0,FeA,0,4,0,0,0,35.4,14.16,49.56
1793,0,FeA,0,4,0,0,0,38.94,14.16,49.56
1794,0,FeA,0,4,0,0,0,42.48,14.16,49.56
1795,0,FeA,0,4,0,0,0,46.02,14.16,49.56
1796,0,FeA,0,4,0,0,0,49.56,14.16,49.56
1797,0,FeA,0,4,0,0,0,53.1,14.16,49.56
1798,0,FeA,0,4,0,0,0,56.64,14.16,49.56
1799,0,FeA,0,4,0,0,0,60.18,14.16,49.56
1800,0,FeA,0,4,0,0,0,63.72,14.16,49.56
1801,0,FeA,0,4,0,0,0,67.26,14.16,49.56
1802,0,FeA,0,4,0,0,0,70.8,14.16,49.56
1803,0,FeA,0,4,0,0,0,74.34,14.16,49.56
1804,0,FeA,0,4,0,0,0,0,17.7,49.56
1805,0,FeA,0,4,0,0,0,3.54,17.7,49.56
1806,0,FeA,0,4,0,0,0,7.08,17.7,49.56
1807,0,FeA,0,4,0,0,0,10.62,17.7,49.56
1808,0,FeA,0,4,0,0,0,14.16,17.7,49.56
1809,0,FeA,0,4,0,0,0,17.7,17.7,49.56
1810,0,FeA,0,4,0,0,0,21.24,17.7,49.56
1811,0,FeA,0,4,0,0,0,24.78,17.7,49.56
1812,0,FeA,0,4,0,0,0,28.32,17.7,49.56
1813,0,FeA,0,4,0,0,0,31.86,17.7,49.56
1814,0,FeA,0,4,0,0,0,35.4,17.7,49.56
1815,0,FeA,0,4,0,0,0,38.94,17.7,49.56
1816,0,FeA,0,4,0,0,0,42.48,17.7,49.56
1817,0,FeA,0,4,0,0,0,46.02,17.7,49.56
1818,0,FeA,0,4,0,0,0,49.56,17.7,49.56
1819,0,FeA,0,4,0,0,0,53.1,17.7,49.56
1820,0,FeA,0,4,0,0,0,56.64,17.7,49.56
1821,0,FeA,0,4,0,0,0,60.18,17.7,49.56
1822,0,FeA,0,4,0,0,0,63.72,17.7,49.56
1823,0,FeA,0,4,0,0,0,67.26,17.7,49.56
1824,0,FeA,0,4,0,0,0,70.8,17.7,49.56
1825,0,FeA,0,4,0,0,0,74.34,17.7,49.56
1826,0,FeA,0,4,0,0,0,0,21.24,49.56
1827,0,FeA,0,4,0,0,0,3.54,21.24,49.56
1828,0,FeA,0,4,0,0,0,7.08,21.24,49.56
1829,0,FeA,0,4,0,0,0,10.62,21.24,49.56
1830,0,FeA,0,4,0,0,0,14.16,21.24,49.56
1831,0,FeA,0,4,0,0,0,17.7,21.24,49.56
1832,0,FeA,0,4,0,0,0,21.24,21.24,49.56
1833,0,FeA,0,4,0,0,0,24.78,21.24,49.56
1834,0,FeA,0,4,0,0,0,28.32,21.24,49.56
1835,0,FeA,0,4,0,0,0,31.86,21.24,49.56
1836,0,FeA,0,4,0,0,0,35.4,21.24,49.56
1837,0,FeA,0,4,0,0,0,38.94,21.24,49.56
1838,0,FeA,0,4,0,0,0,42.48,21.24,49.56
1839,0,FeA,0,4,0,0,0,46.02,21.24,49.56
1840,0,FeA,0,4,0,0,0,49.56,21.24,49.56
1841,0,FeA,0,4,0,0,0,53.1,21.24,49.56
1842,0,FeA,0,4,0,0,0,56.64,21.24,49.56
1843,0,FeA,0,4,0,0,0,60.18,21.24,49.56
1844,0,FeA,0,4,0,0,0,63.72,21.24,49.56
1845,0,FeA,0,4,0,0,0,67.26,21.24,49.56
1846,0,FeA,0,4,0,0,0,70.8,21.24,49.56
1847,0,FeA,0,4,0,0,0,74.34,21.24,49.56
1848,0,FeA,0,4,0,0,0,0,24.78,49.56
1849,0,FeA,0,4,0,0,0,3.54,24.78,49.56
1850,0,FeA,0,4,0,0,0,7.08,24.78,49.56
1851,0,FeA,0,4,0,0,0,10.62,24.78,49.56
1852,0,FeA,0,4,0,0,0,14.16,24.78,49.56
1853,0,FeA,0,4,0,0,0,17.7,24.78,49.56
1854,0,FeA,0,4,0,0,0,21.24,24.78,49.56
1855,0,FeA,0,4,0,0,0,24.78,24.78,49.56
1856,0,FeA,0,4,0,0,0,28.32,24.78,49.56
1857,0,FeA,0,4,0,0,0,31.86,24.78,49.56
1858,0,FeA,0,4,0,0,0,35.4,24.78,49.56
1859,0,FeA,0,4,0,0,0,38.94,24.78,49.56
1860,0,FeA,0,4,0,0,0,42.48,24.78,49.56
1861,0,FeA,0,4,0,0,0,46.02,24.78,49.56
1862,0,FeA,0,4,0,0,0,49.56,24.78,49.56
1863,0,FeA,0,4,0,0,0,53.1,24.78,49.56
1864,0,FeA,0,4,0,0,0,56.64,24.78,49.56
1865,0,FeA,0,4,0,0,0,60.18,24.78,49.56
1866,0,FeA,0,4,0,0,0,63.72,24.78,49.56
1867,0,FeA,0,4,0,0,0,67.26,24.78,49.56
1868,0,FeA,0,4,0,0,0,70.8,24.78,49.56
1869,0,FeA,0,4,0,0,0,74.34,24.78,49.56
1870,0,FeA,0,4,0,0,0,0,28.32,49.56
1871,0,FeA,0,4,0,0,0,3.54,28.32,49.56
1872,0,FeA,0,4,0,0,0,7.08,28.32,49.56
1873,0,FeA,0,4,0,0,0,10.62,28.32,49.56
1874,0,FeA,0,4,0,0,0,14.16,28.32,49.56
1875,0,FeA,0,4,0,0,0,17.7,28.32,49.56
1876,0,FeA,0,4,0,0,0,21.24,28.32,49.56
1877,0,FeA,0,4,0,0,0,24.78,28.32,49.56
1878,0,FeA,0,4,0,0,0,28.32,28.32,49.56
1879,0,FeA,0,4,0,0,0,31.86,28.32,49.56
1880,0,FeA,0,4,0,0,0,35.4,28.32,49.56
1881,0,FeA,0,4,0,0,0,38.94,28.32,49.56
1882,0,FeA,0,4,0,0,0,42.48,28.32,49.56
1883,0,FeA,0,4,0,0,0,46.02,28.32,49.56
1884,0,FeA,0,4,0,0,0,49.56,28.32,49.56
1885,0,FeA,0,4,0,0,0,53.1,28.32,49.56
1886,0,FeA,0,4,0,0,0,56.64,28.32,49.56
1887,0,FeA,0,4,0,0,0,60.18,28.32,49.56
1888,0,FeA,0,4,0,0,0,63.72,28.32,49.56
1889,0,FeA,0,4,0,0,0,67.26,28.32,49.56
1890,0,FeA,0,4,0,0,0,70.8,28.32,49.56
1891,0,FeA,0,4,0,0,0,74.34,28.32,49.56
1892,0,FeA,0,4,0,0,0,0,31.86,49.56
1893,0,FeA,0,4,0,0,0,3.54,31.86,49.56
1894,0,FeA,0,4,0,0,0,7.08,31.86,49.56
1895,0,FeA,0,4,0,0,0,10.62,31.86,49.56
1896,0,FeA,0,4,0,0,0,14.16,31.86,49.56
1897,0,FeA,0,4,0,0,0,17.7,31.86,49.56
1898,0,FeA,0,4,0,0,0,21.24,31.86,49.56
1899,0,FeA,0,4,0,0,0,24.78,31.86,49.56
1900,0,FeA,0,4,0,0,0,28.32,31.86,49.56
1901,0,FeA,0,4,0,0,0,31.86,31.86,49.56
1902,0,FeA,0,4,0,0,0,35.4,31.86,49.56
1903,0,FeA,0,4,0,0,0,38.94,31.86,49.56
1904,0,FeA,0,4,0,0,0,42.48,31.86,49.56
1905,0,FeA,0,4,0,0,0,46.02,31.86,49.56
1906,0,FeA,0,4,0,0,0,49.56,31.86,49.56
1907,0,FeA,0,4,0,0,0,53.1,31.86,49.56
1908,0,FeA,0,4,0,0,0,56.64,31.86,49.56
1909,0,FeA,0,4,0,0,0,60.18,31.86,49.56
1910,0,FeA,0,4,0,0,0,63.72,31.86,49.56
1911,0,FeA,0,4,0,0,0,67.26,31.86,49.56
1912,0,FeA,0,4,0,0,0,70.8,31.86,49.56
1913,0,FeA,0,4,0,0,0,74.34,31.86,49.56
1914,0,FeA,0,4,0,0,0,0,35.4,49.56
1915,0,FeA,0,4,0,0,0,3.54,35.4,49.56
1916,0,FeA,0,4,0,0,0,7.08,35.4,49.56
1917,0,FeA,0,4,0,0,0,10.62,35.4,49.56
1918,0,FeA,0,4,0,0,0,14.16,35.4,49.56
1919,0,FeA,0,4,0,0,0,17.7,35.4,49.56
1920,0,FeA,0,4,0,0,0,21.24,35.4,49.56
1921,0,FeA,0,4,0,0,0,24.78,35.4,49.56
1922,0,FeA,0,4,0,0,0,28.32,35.4,49.56
1923,0,FeA,0,4,0,0,0,31.86,35.4,49.56
1924,0,FeA,0,4,0,0,0,35.4,35.4,49.56
1925,0,FeA,0,4,0,0,0,38.94,35.4,49.56
1926,0,FeA,0,4,0,0,0,42.48,35.4,49.56
1927,0,FeA,0,4,0,0,0,46.02,35.4,49.56
1928,0,FeA,0,4,0,0,0,49.56,35.4,49.56
1929,0,FeA,0,4,0,0,0,53.1,35.4,49.56
1930,0,FeA,0,4,0,0,0,56.64,35.4,49.56
1931,0,FeA,0,4,0,0,0,60.18,35.4,49.56
1932,0,FeA,0,4,0,0,0,63.72,35.4,49.56
1933,0,FeA,0,4,0,0,0,67.26,35.4,49.56
1934,0,FeA,0,4,0,0,0,70.8,35.4,49.56
1935,0,FeA,0,4,0,0,0,74.34,35.4,49.56
1936,0,FeA,0,4,0,0,0,0,38.94,53.1
1937,0,FeA,0,4,0,0,0,3.54,38.94,53.1
1938,0,FeA,0,4,0,0,0,7.08,38.94,53.1
1939,0,FeA,0,4,0,0,0,10.62,38.94,53.1
1940,0,FeA,0,4,0,0,0,14.16,38.94,53.1
1941,0,FeA,0,4,0,0,0,17.7,38.94,53.1
1942,0,FeA,0,4,0,0,0,21.24,38.94,53.1
1943,0,FeA,0,4,0,0,0,24.78,38.94,53.1
1944,0,FeA,0,4,0,0,0,28.32,38.94,53.1
1945,0,FeA,0,4,0,0,0,31.86,38.94,53.1
1946,0,FeA,0,4,0,0,0,35.4,38.94,53.1
1947,0,FeA,0,4,0,0,0,38.94,38.94,53.1
1948,0,FeA,0,4,0,0,0,42.48,38.94,53.1
1949,0,FeA,0,4,0,0,0,46.02,38.94,53.1
1950,0,FeA,0,4,0,0,0,49.56,38.94,53.1
1951,0,FeA,0,4,0,0,0,53.1,38.94,53.1
1952,0,FeA,0,4,0,0,0,56.64,38.94,53.1
1953,0,FeA,0,4,0,0,0,60.18,38.94,53.1
1954,0,FeA,0,4,0,0,0,63.72,38.94,53.1
1955,0,FeA,0,4,0,0,0,67.26,38.94,53.1
1956,0,FeA,0,4,0,0,0,70.8,38.94,53.1
1957,0,FeA,0,4,0,0,0,74.34,38.94,53.1
1958,0,FeA,0,4,0,0,0,0,38.94,56.64
1959,0,FeA,0,4,0,0,0,3.54,38.94,56.64
1960,0,FeA,0,4,0,0,0,7.08,38.94,56.64
1961,0,FeA,0,4,0,0,0,10.62,38.94,56.64
1962,0,FeA,0,4,0,0,0,14.16,38.94,56.64
1963,0,FeA,0,4,0,0,0,17.7,38.94,56.64
1964,0,FeA,0,4,0,0,0,21.24,38.94,56.64
1965,0,FeA,0,4,0,0,0,24.78,38.94,56.64
1966,0,FeA,0,4,0,0,0,28.32,38.94,56.64
1967,0,FeA,0,4,0,0,0,31.86,38.94,56.64
1968,0,FeA,0,4,0,0,0,35.4,38.94,56.64
1969,0,FeA,0,4,0,0,0,38.94,38.94,56.64
1970,0,FeA,0,4,0,0,0,42.48,38.94,56.64
1971,0,FeA,0,4,0,0,0,46.02,38.94,56.64
1972,0,FeA,0,4,0,0,0,49.56,38.94,56.64
1973,0,FeA,0,4,0,0,0,53.1,38.94,56.64
1974,0,FeA,0,4,0,0,0,56.64,38.94,56.64
1975,0,FeA,0,4,0,0,0,60.18,38.94,56.64
1976,0,FeA,0,4,0,0,0,63.72,38.94,56.64
1977,0,FeA,0,4,0,0,0,67.26,38.94,56.64
1978,0,FeA,0,4,0,0,0,70.8,38.94,56.64
1979,0,FeA,0,4,0,0,0,74.34,38.94,56.64
1980,0,FeA,0,4,0,0,0,0,38.94,60.18
1981,0,FeA,0,4,0,0,0,3.54,38.94,60.18
1982,0,FeA,0,4,0,0,0,7.08,38.94,60.18
1983,0,FeA,0,4,0,0,0,10.62,38.94,60.18
1984,0,FeA,0,4,0,0,0,14.16,38.94,60.18
1985,0,FeA,0,4,0,0,0,17.7,38.94,60.18
1986,0,FeA,0,4,0,0,0,21.24,38.94,60.18
1987,0,FeA,0,4,0,0,0,24.78,38.94,60.18
1988,0,FeA,0,4,0,0,0,28.32,38.94,60.18
1989,0,FeA,0,4,0,0,0,31.86,38.94,60.18
1990,0,FeA,0,4,0,0,0,35.4,38.94,60.18
1991,0,FeA,0,4,0,0,0,38.94,38.94,60.18
1992,0,FeA,0,4,0,0,0,42.48,38.94,60.18
1993,0,FeA,0,4,0,0,0,46.02,38.94,60.18
1994,0,FeA,0,4,0,0,0,49.56,38.94,60.18
1995,0,FeA,0,4,0,0,0,53.1,38.94,60.18
1996,0,FeA,0,4,0,0,0,56.64,38.94,60.18
1997,0,FeA,0,4,0,0,0,60.18,38.94,60.18
1998,0,FeA,0,4,0,0,0,63.72,38.94,60.18
1999,0,FeA,0,4,0,0,0,67.26,38.94,60.18
2000,0,FeA,0,4,0,0,0,70.8,38.94,60.18
2001,0,FeA,0,4,0,0,0,74.34,38.94,60.18
2002,0,FeA,0,4,0,0,0,0,38.94,63.72
2003,0,FeA,0,4,0,0,0,3.54,38.94,63.72
2004,0,FeA,0,4,0,0,0,7.08,38.94,63.72
2005,0,FeA,0,4,0,0,0,10.62,38.94,63.72
2006,0,FeA,0,4,0,0,0,14.16,38.94,63.72
2007,0,FeA,0,4,0,0,0,17.7,38.94,63.72
2008,0,FeA,0,4,0,0,0,21.24,38.94,63.72
2009,0,FeA,0,4,0,0,0,24.78,38.94,63.72
2010,0,FeA,0,4,0,0,0,28.32,38.94,63.72
2011,0,FeA,0,4,0,0,0,31.86,38.94,63.72
2012,0,FeA,0,4,0,0,0,35.4,38.94,63.72
2013,0,FeA,0,4,0,0,0,38.94,38.94,63.72
2014,0,FeA,0,4,0,0,0,42.48,38.94,63.72
2015,0,FeA,0,4,0,0,0,46.02,38.94,63.72
2016,0,FeA,0,4,0,0,0,49.56,38.94,63.72
2017,0,FeA,0,4,0,0,0,53.1,38.94,63.72
2018,0,FeA,0,4,0,0,0,56.64,38.94,63.72
2019,0,FeA,0,4,0,0,0,60.18,38.94,63.72
2020,0,FeA,0,4,0,0,0,63.72,38.94,63.72
2021,0,FeA,0,4,0,0,0,67.26,38.94,63.72
2022,0,FeA,0,4,0,0,0,70.8,38.94,63.72
2023,0,FeA,0,4,0,0,0,74.34,38.94,63.72
2024,0,FeA,0,4,0,0,0,0,38.94,67.26
2025,0,FeA,0,4,0,0,0,3.54,38.94,67.26
2026,0,FeA,0,4,0,0,0,7.08,38.94,67.26
2027,0,FeA,0,4,0,0,0,10.62,38.94,67.26
2028,0,FeA,0,4,0,0,0,14.16,38.94,67.26
2029,0,FeA,0,4,0,0,0,17.7,38.94,67.26
2030,0,FeA,0,4,0,0,0,21.24,38.94,67.26
2031,0,FeA,0,4,0,0,0,24.78,38.94,67.26
2032,0,FeA,0,4,0,0,0,28.32,38.94,67.26
2033,0,FeA,0,4,0,0,0,31.86,38.94,67.26
2034,0,FeA,0,4,0,0,0,35.4,38.94,67.26
2035,0,FeA,0,4,0,0,0,38.94,38.94,67.26
2036,0,FeA,0,4,0,0,0,42.48,38.94,67.26
2037,0,FeA,0,4,0,0,0,46.02,38.94,67.26
2038,0,FeA,0,4,0,0,0,49.56,38.94,67.26
2039,0,FeA,0,4,0,0,0,53.1,38.94,67.26
2040,0,FeA,0,4,0,0,0,56.64,38.94,67.26
2041,0,FeA,0,4,0,0,0,60.18,38.94,67.26
2042,0,FeA,0,4,0,0,0,63.72,38.94,67.26
2043,0,FeA,0,4,0,0,0,67.26,38.94,67.26
2044,0,FeA,0,4,0,0,0,70.8,38.94,67.26
2045,0,FeA,0,4,0,0,0,74.34,38.94,67.26
2046,0,FeA,0,4,0,0,0,0,38.94,70.8
2047,0,FeA,0,4,0,0,0,3.54,38.94,70.8
2048,0,FeA,0,4,0,0,0,7.08,38.94,70.8
2049,0,FeA,0,4,0,0,0,10.62,38.94,70.8
2050,0,FeA,0,4,0,0,0,14.16,38.94,70.8
2051,0,FeA,0,4,0,0,0,17.7,38.94,70.8
2052,0,FeA,0,4,0,0,0,21.24,38.94,70.8
2053,0,FeA,0,4,0,0,0,24.78,38.94,70.8
2054,0,FeA,0,4,0,0,0,28.32,38.94,70.8
2055,0,FeA,0,4,0,0,0,31.86,38.94,70.8
2056,0,FeA,0,4,0,0,0,35.4,38.94,70.8
2057,0,FeA,0,4,0,0,0,38.94,38.94,70.8
2058,0,FeA,0,4,0,0,0,42.48,38.94,70.8
2059,0,FeA,0,4,0,0,0,46.02,38.94,70.8
2060,0,FeA,0,4,0,0,0,49.56,38.94,70.8
2061,0,FeA,0,4,0,0,0,53.1,38.94,70.8
2062,0,FeA,0,4,0,0,0,56.64,38.94,70.8
2063,0,FeA,0,4,0,0,0,60.18,38.94,70.8
2064,0,FeA,0,4,0,0,0,63.72,38.94,70.8
2065,0,FeA,0,4,0,0,0,67.26,38.94,70.8
2066,0,FeA,0,4,0,0,0,70.8,38.94,70.8
2067,0,FeA,0,4,0,0,0,74.34,38.94,70.8
2068,0,FeA,0,4,0,0,0,0,38.94,74.34
2069,0,FeA,0,4,0,0,0,3.54,38.94,74.34
2070,0,FeA,0,4,0,0,0,7.08,38.94,74.34
2071,0,FeA,0,4,0,0,0,10.62,38.94,74.34
2072,0,FeA,0,4,0,0,0,14.16,38.94,74.34
2073,0,FeA,0,4,0,0,0,17.7,38.94,74.34
2074,0,FeA,0,4,0,0,0,21.24,38.94,74.34
2075,0,FeA,0,4,0,0,0,24.78,38.94,74.34
2076,0,FeA,0,4,0,0,0,28.32,38.94,74.34
2077,0,FeA,0,4,0,0,0,31.86,38.94,74.34
2078,0,FeA,0,4,0,0,0,35.4,38.94,74.34
2079,0,FeA,0,4,0,0,0,38.94,38.94,74.34
2080,0,FeA,0,4,0,0,0,42.48,38.94,74.34
2081,0,FeA,0,4,0,0,0,46.02,38.94,74.34
2082,0,FeA,0,4,0,0,0,49.56,38.94,74.34
2083,0,FeA,0,4,0,0,0,53.1,38.94,74.34
2084,0,FeA,0,4,0,0,0,56.64,38.94,74.34
2085,0,FeA,0,4,0,0,0,60.18,38.94,74.34
2086,0,FeA,0,4,0,0,0,63.72,38.94,74.34
2087,0,FeA,0,4,0,0,0,67.26,38.94,74.34
2088,0,FeA,0,4,0,0,0,70.8,38.94,74.34
2089,0,FeA,0,4,0,0,0,74.34,38.94,74.34
FeA,0,4,0,0,0,53.1,38.94,49.56
2084,0,FeA,0,4,0,0,0,56.64,38.94,49.56
2085,0,FeA,0,4,0,0,0,60.18,38.94,49.56
2086,0,FeA,0,4,0,0,0,63.72,38.94,49.56
2087,0,FeA,0,4,0,0,0,67.26,38.94,49.56
2088,0,FeA,0,4,0,0,0,70.8,38.94,49.56
2089,0,FeA,0,4,0,0,0,74.34,38.94,49.56
2090,0,FeA,0,4,0,0,0,0,0,53.1
2091,0,FeA,0,4,0,0,0,3.54,0,53.1
2092,0,FeA,0,4,0,0,0,7.08,0,53.1
2093,0,FeA,0,4,0,0,0,10.62,0,53.1
2094,0,FeA,0,4,0,0,0,14.16,0,53.1
2095,0,FeA,0,4,0,0,0,17.7,0,53.1
2096,0,FeA,0,4,0,0,0,21.24,0,53.1
2097,0,FeA,0,4,0,0,0,24.78,0,53.1
2098,0,FeA,0,4,0,0,0,28.32,0,53.1
2099,0,FeA,0,4,0,0,0,31.86,0,53.1
2100,0,FeA,0,4,0,0,0,35.4,0,53.1
2101,0,FeA,0,4,0,0,0,38.94,0,53.1
2102,0,FeA,0,4,0,0,0,42.48,0,53.1
2103,0,FeA,0,4,0,0,0,46.02,0,53.1
2104,0,FeA,0,4,0,0,0,49.56,0,53.1
2105,0,FeA,0,4,0,0,0,53.1,0,53.1
2106,0,FeA,0,4,0,0,0,56.64,0,53.1
2107,0,FeA,0,4,0,0,0,60.18,0,53.1
2108,0,FeA,0,4,0,0,0,63.72,0,53.1
2109,0,FeA,0,4,0,0,0,67.26,0,53.1
2110,0,FeA,0,4,0,0,0,70.8,0,53.1
2111,0,FeA,0,4,0,0,0,74.34,0,53.1
2112,0,FeA,0,4,0,0,0,0,3.54,53.1
2113,0,FeA,0,4,0,0,0,3.54,3.54,53.1
2114,0,FeA,0,4,0,0,0,7.08,3.54,53.1
2115,0,FeA,0,4,0,0,0,10.62,3.54,53.1
2116,0,FeA,0,4,0,0,0,14.16,3.54,53.1
2117,0,FeA,0,4,0,0,0,17.7,3.54,53.1
2118,0,FeA,0,4,0,0,0,21.24,3.54,53.1
2119,0,FeA,0,4,0,0,0,24.78,3.54,53.1
2120,0,FeA,0,4,0,0,0,28.32,3.54,53.1
2121,0,FeA,0,4,0,0,0,31.86,3.54,53.1
2122,0,FeA,0,4,0,0,0,35.4,3.54,53.1
2123,0,FeA,0,4,0,0,0,38.94,3.54,53.1
2124,0,FeA,0,4,0,0,0,42.48,3.54,53.1
2125,0,FeA,0,4,0,0,0,46.02,3.54,53.1
2126,0,FeA,0,4,0,0,0,49.56,3.54,53.1
2127,0,FeA,0,4,0,0,0,53.1,3.54,53.1
2128,0,FeA,0,4,0,0,0,56.64,3.54,53.1
2129,0,FeA,0,4,0,0,0,60.18,3.54,53.1
2130,0,FeA,0,4,0,0,0,63.72,3.54,53.1
2131,0,FeA,0,4,0,0,0,67.26,3.54,53.1
2132,0,FeA,0,4,0,0,0,70.8,3.54,53.1
2133,0,FeA,0,4,0,0,0,74.34,3.54,53.1
2134,0,FeA,0,4,0,0,0,0,7.08,53.1
2135,0,FeA,0,4,0,0,0,3.54,7.08,53.1
2136,0,FeA,0,4,0,0,0,7.08,7.08,53.1
2137,0,FeA,0,4,0,0,0,10.62,7.08,53.1
2138,0,FeA,0,4,0,0,0,14.16,7.08,53.1
2139,0,FeA,0,4,0,0,0,17.7,7.08,53.1
2140,0,FeA,0,4,0,0,0,21.24,7.08,53.1
2141,0,FeA,0,4,0,0,0,24.78,7.08,53.1
2142,0,FeA,0,4,0,0,0,28.32,7.08,53.1
2143,0,FeA,0,4,0,0,0,31.86,7.08,53.1
2144,0,FeA,0,4,0,0,0,35.4,7.08,53.1
2145,0,FeA,0,4,0,0,0,38.94,7.08,53.1
2146,0,FeA,0,4,0,0,0,42.48,7.08,53.1
2147,0,FeA,0,4,0,0,0,46.02,7.08,53.1
2148,0,FeA,0,4,0,0,0,49.56,7.08,53.1
2149,0,FeA,0,4,0,0,0,53.1,7.08,53.1
2150,0,FeA,0,4,0,0,0,56.64,7.08,53.1
2151,0,FeA,0,4,0,0,0,60.18,7.08,53.1
2152,0,FeA,0,4,0,0,0,63.72,7.08,53.1
2153,0,FeA,0,4,0,0,0,67.26,7.08,53.1
2154,0,FeA,0,4,0,0,0,70.8,7.08,53.1
2155,0,FeA,0,4,0,0,0,74.34,7.08,53.1
2156,0,FeA,0,4,0,0,0,0,10.62,53.1
2157,0,FeA,0,4,0,0,0,3.54,10.62,53.1
2158,0,FeA,0,4,0,0,0,7.08,10.62,53.1
2159,0,FeA,0,4,0,0,0,10.62,10.62,53.1
2160,0,FeA,0,4,0,0,0,14.16,10.62,53.1
2161,0,FeA,0,4,0,0,0,17.7,10.62,53.1
2162,0,FeA,0,4,0,0,0,21.24,10.62,53.1
2163,0,FeA,0,4,0,0,0,24.78,10.62,53.1
2164,0,FeA,0,4,0,0,0,28.32,10.62,53.1
2165,0,FeA,0,4,0,0,0,31.86,10.62,53.1
2166,0,FeA,0,4,0,0,0,35.4,10.62,53.1
2167,0,FeA,0,4,0,0,0,38.94,10.62,53.1
2168,0,FeA,0,4,0,0,0,42.48,10.62,53.1
2169,0,FeA,0,4,0,0,0,46.02,10.62,53.1
2170,0,FeA,0,4,0,0,0,49.56,10.62,53.1
2171,0,FeA,0,4,0,0,0,53.1,10.62,53.1
2172,0,FeA,0,4,0,0,0,56.64,10.62,53.1
2173,0,FeA,0,4,0,0,0,60.18,10.62,53.1
2174,0,FeA,0,4,0,0,0,63.72,10.62,53.1
2175,0,FeA,0,4,0,0,0,67.26,10.62,53.1
2176,0,FeA,0,4,0,0,0,70.8,10.62,53.1
2177,0,FeA,0,4,0,0,0,74.34,10.62,53.1
2178,0,FeA,0,4,0,0,0,0,14.16,53.1
2179,0,FeA,0,4,0,0,0,3.54,14.16,53.1
2180,0,FeA,0,4,0,0,0,7.08,14.16,53.1
2181,0,FeA,0,4,0,0,0,10.62,14.16,53.1
2182,0,FeA,0,4,0,0,0,14.16,14.16,53.1
2183,0,FeA,0,4,0,0,0,17.7,14.16,53.1
2184,0,FeA,0,4,0,0,0,21.24,14.16,53.1
2185,0,FeA,0,4,0,0,0,24.78,14.16,53.1
2186,0,FeA,0,4,0,0,0,28.32,14.16,53.1
2187,0,FeA,0,4,0,0,0,31.86,14.16,53.1
2188,0,FeA,0,4,0,0,0,35.4,14.16,53.1
2189,0,FeA,0,4,0,0,0,38.94,14.16,53.1
2190,0,FeA,0,4,0,0,0,42.48,14.16,53.1
2191,0,FeA,0,4,0,0,0,46.02,14.16,53.1
2192,0,FeA,0,4,0,0,0,49.56,14.16,53.1
2193,0,FeA,0,4,0,0,0,53.1,14.16,53.1
2194,0,FeA,0,4,0,0,0,56.64,14.16,53.1
2195,0,FeA,0,4,0,0,0,60.18,14.16,53.1
2196,0,FeA,0,4,0,0,0,63.72,14.16,53.1
2197,0,FeA,0,4,0,0,0,67.26,14.16,53.1
2198,0,FeA,0,4,0,0,0,70.8,14.16,53.1
2199,0,FeA,0,4,0,0,0,74.34,14.16,53.1
2200,0,FeA,0,4,0,0,0,0,17.7,53.1
2201,0,FeA,0,4,0,0,0,3.54,17.7,53.1
2202,0,FeA,0,4,0,0,0,7.08,17.7,53.1
2203,0,FeA,0,4,0,0,0,10.62,17.7,53.1
2204,0,FeA,0,4,0,0,0,14.16,17.7,53.1
2205,0,FeA,0,4,0,0,0,17.7,17.7,53.1
2206,0,FeA,0,4,0,0,0,21.24,17.7,53.1
2207,0,FeA,0,4,0,0,0,24.78,17.7,53.1
2208,0,FeA,0,4,0,0,0,28.32,17.7,53.1
2209,0,FeA,0,4,0,0,0,31.86,17.7,53.1
2210,0,FeA,0,4,0,0,0,35.4,17.7,53.1
2211,0,FeA,0,4,0,0,0,38.94,17.7,53.1
2212,0,FeA,0,4,0,0,0,42.48,17.7,53.1
2213,0,FeA,0,4,0,0,0,46.02,17.7,53.1
2214,0,FeA,0,4,0,0,0,49.56,17.7,53.1
2215,0,FeA,0,4,0,0,0,53.1,17.7,53.1
2216,0,FeA,0,4,0,0,0,56.64,17.7,53.1
2217,0,FeA,0,4,0,0,0,60.18,17.7,53.1
2218,0,FeA,0,4,0,0,0,63.72,17.7,53.1
2219,0,FeA,0,4,0,0,0,67.26,17.7,53.1
2220,0,FeA,0,4,0,0,0,70.8,17.7,53.1
2221,0,FeA,0,4,0,0,0,74.34,17.7,53.1
2222,0,FeA,0,4,0,0,0,0,21.24,53.1
2223,0,FeA,0,4,0,0,0,3.54,21.24,53.1
2224,0,FeA,0,4,0,0,0,7.08,21.24,53.1
2225,0,FeA,0,4,0,0,0,10.62,21.24,53.1
2226,0,FeA,0,4,0,0,0,14.16,21.24,53.1
2227,0,FeA,0,4,0,0,0,17.7,21.24,53.1
2228,0,FeA,0,4,0,0,0,21.24,21.24,53.1
2229,0,FeA,0,4,0,0,0,24.78,21.24,53.1
2230,0,FeA,0,4,0,0,0,28.32,21.24,53.1
2231,0,FeA,0,4,0,0,0,31.86,21.24,53.1
2232,0,FeA,0,4,0,0,0,35.4,21.24,53.1
2233,0,FeA,0,4,0,0,0,38.94,21.24,53.1
2234,0,FeA,0,4,0,0,0,42.48,21.24,53.1
2235,0,FeA,0,4,0,0,0,46.02,21.24,53.1
2236,0,FeA,0,4,0,0,0,49.56,21.24,53.1
2237,0,FeA,0,4,0,0,0,53.1,21.24,53.1
2238,0,FeA,0,4,0,0,0,56.64,21.24,53.1
2239,0,FeA,0,4,0,0,0,60.18,21.24,53.1
2240,0,FeA,0,4,0,0,0,63.72,21.24,53.1
2241,0,FeA,0,4,0,0,0,67.26,21.24,53.1
2242,0,FeA,0,4,0,0,0,70.8,21.24,53.1
2243,0,FeA,0,4,0,0,0,74.34,21.24,53.1
2244,0,FeA,0,4,0,0,0,0,24.78,53.1
2245,0,FeA,0,4,0,0,0,3.54,24.78,53.1
2246,0,FeA,0,4,0,0,0,7.08,24.78,53.1
2247,0,FeA,0,4,0,0,0,10.62,24.78,53.1
2248,0,FeA,0,4,0,0,0,14.16,24.78,53.1
2249,0,FeA,0,4,0,0,0,17.7,24.78,53.1
2250,0,FeA,0,4,0,0,0,21.24,24.78,53.1
2251,0,FeA,0,4,0,0,0,24.78,24.78,53.1
2252,0,FeA,0,4,0,0,0,28.32,24.78,53.1
2253,0,FeA,0,4,0,0,0,31.86,24.78,53.1
2254,0,FeA,0,4,0,0,0,35.4,24.78,53.1
2255,0,FeA,0,4,0,0,0,38.94,24.78,53.1
2256,0,FeA,0,4,0,0,0,42.48,24.78,53.1
2257,0,FeA,0,4,0,0,0,46.02,24.78,53.1
2258,0,FeA,0,4,0,0,0,49.56,24.78,53.1
2259,0,FeA,0,4,0,0,0,53.1,24.78,53.1
2260,0,FeA,0,4,0,0,0,56.64,24.78,53.1
2261,0,FeA,0,4,0,0,0,60.18,24.78,53.1
2262,0,FeA,0,4,0,0,0,63.72,24.78,53.1
2263,0,FeA,0,4,0,0,0,67.26,24.78,53.1
2264,0,FeA,0,4,0,0,0,70.8,24.78,53.1
2265,0,FeA,0,4,0,0,0,74.34,24.78,53.1
2266,0,FeA,0,4,0,0,0,0,28.32,53.1
2267,0,FeA,0,4,0,0,0,3.54,28.32,53.1
2268,0,FeA,0,4,0,0,0,7.08,28.32,53.1
2269,0,FeA,0,4,0,0,0,10.62,28.32,53.1
2270,0,FeA,0,4,0,0,0,14.16,28.32,53.1
2271,0,FeA,0,4,0,0,0,17.7,28.32,53.1
2272,0,FeA,0,4,0,0,0,21.24,28.32,53.1
2273,0,FeA,0,4,0,0,0,24.78,28.32,53.1
2274,0,FeA,0,4,0,0,0,28.32,28.32,53.1
2275,0,FeA,0,4,0,0,0,31.86,28.32,53.1
2276,0,FeA,0,4,0,0,0,35.4,28.32,53.1
2277,0,FeA,0,4,0,0,0,38.94,28.32,53.1
2278,0,FeA,0,4,0,0,0,42.48,28.32,53.1
2279,0,FeA,0,4,0,0,0,46.02,28.32,53.1
2280,0,FeA,0,4,0,0,0,49.56,28.32,53.1
2281,0,FeA,0,4,0,0,0,53.1,28.32,53.1
2282,0,FeA,0,4,0,0,0,56.64,28.32,53.1
2283,0,FeA,0,4,0,0,0,60.18,28.32,53.1
2284,0,FeA,0,4,0,0,0,63.72,28.32,53.1
2285,0,FeA,0,4,0,0,0,67.26,28.32,53.1
2286,0,FeA,0,4,0,0,0,70.8,28.32,53.1
2287,0,FeA,0,4,0,0,0,74.34,28.32,53.1
2288,0,FeA,0,4,0,0,0,0,31.86,53.1
2289,0,FeA,0,4,0,0,0,3.54,31.86,53.1
2290,0,FeA,0,4,0,0,0,7.08,31.86,53.1
2291,0,FeA,0,4,0,0,0,10.62,31.86,53.1
2292,0,FeA,0,4,0,0,0,14.16,31.86,53.1
2293,0,FeA,0,4,0,0,0,17.7,31.86,53.1
2294,0,FeA,0,4,0,0,0,21.24,31.86,53.1
2295,0,FeA,0,4,0,0,0,24.78,31.86,53.1
2296,0,FeA,0,4,0,0,0,28.32,31.86,53.1
2297,0,FeA,0,4,0,0,0,31.86,31.86,53.1
2298,0,FeA,0,4,0,0,0,35.4,31.86,53.1
2299,0,FeA,0,4,0,0,0,38.94,31.86,53.1
2300,0,FeA,0,4,0,0,0,42.48,31.86,53.1
2301,0,FeA,0,4,0,0,0,46.02,31.86,53.1
2302,0,FeA,0,4,0,0,0,49.56,31.86,53.1
2303,0,FeA,0,4,0,0,0,53.1,31.86,53.1
2304,0,FeA,0,4,0,0,0,56.64,31.86,53.1
2305,0,FeA,0,4,0,0,0,60.18,31.86,53.1
2306,0,FeA,0,4,0,0,0,63.72,31.86,53.1
2307,0,FeA,0,4,0,0,0,67.26,31.86,53.1
2308,0,FeA,0,4,0,0,0,70.8,31.86,53.1
2309,0,FeA,0,4,0,0,0,74.34,31.86,53.1
2310,0,FeA,0,4,0,0,0,0,35.4,53.1
2311,0,FeA,0,4,0,0,0,3.54,35.4,53.1
2312,0,FeA,0,4,0,0,0,7.08,35.4,53.1
2313,0,FeA,0,4,0,0,0,10.62,35.4,53.1
2314,0,FeA,0,4,0,0,0,14.16,35.4,53.1
2315,0,FeA,0,4,0,0,0,17.7,35.4,53.1
2316,0,FeA,0,4,0,0,0,21.24,35.4,53.1
2317,0,FeA,0,4,0,0,0,24.78,35.4,53.1
2318,0,FeA,0,4,0,0,0,28.32,35.4,53.1
2319,0,FeA,0,4,0,0,0,31.86,35.4,53.1
2320,0,FeA,0,4,0,0,0,35.4,35.4,53.1
2321,0,FeA,0,4,0,0,0,38.94,35.4,53.1
2322,0,FeA,0,4,0,0,0,42.48,35.4,53.1
2323,0,FeA,0,4,0,0,0,46.02,35.4,53.1
2324,0,FeA,0,4,0,0,0,49.56,35.4,53.1
2325,0,FeA,0,4,0,0,0,53.1,35.4,53.1
2326,0,FeA,0,4,0,0,0,56.64,35.4,53.1
2327,0,FeA,0,4,0,0,0,60.18,35.4,53.1
2328,0,FeA,0,4,0,0,0,63.72,35.4,53.1
2329,0,FeA,0,4,0,0,0,67.26,35.4,53.1
2330,0,FeA,0,4,0,0,0,70.8,35.4,53.1
2331,0,FeA,0,4,0,0,0,74.34,35.4,53.1
2,74.34,28.32
2341,0,FeA,0,4,0,0,0,31.86,74.34,28.32
2342,0,FeA,0,4,0,0,0,35.4,74.34,28.32
2343,0,FeA,0,4,0,0,0,38.94,74.34,28.32
2344,0,FeA,0,4,0,0,0,42.48,74.34,28.32
2345,0,FeA,0,4,0,0,0,46.02,74.34,28.32
2346,0,FeA,0,4,0,0,0,49.56,74.34,28.32
2347,0,FeA,0,4,0,0,0,53.1,74.34,28.32
2348,0,FeA,0,4,0,0,0,56.64,74.34,28.32
2349,0,FeA,0,4,0,0,0,60.18,74.34,28.32
2350,0,FeA,0,4,0,0,0,63.72,74.34,28.32
2351,0,FeA,0,4,0,0,0,67.26,74.34,28.32
2352,0,FeA,0,4,0,0,0,70.8,74.34,28.32
2353,0,FeA,0,4,0,0,0,74.34,74.34,28.32
4,0,0,0,28.32,74.34,53.1
2319,0,FeA,0,4,0,0,0,31.86,74.34,53.1
2320,0,FeA,0,4,0,0,0,35.4,74.34,53.1
2321,0,FeA,0,4,0,0,0,38.94,74.34,53.1
2322,0,FeA,0,4,0,0,0,42.48,74.34,53.1
2323,0,FeA,0,4,0,0,0,46.02,74.34,53.1
2324,0,FeA,0,4,0,0,0,49.56,74.34,53.1
2325,0,FeA,0,4,0,0,0,53.1,74.34,53.1
2326,0,FeA,0,4,0,0,0,56.64,74.34,53.1
2327,0,FeA,0,4,0,0,0,60.18,74.34,53.1
2328,0,FeA,0,4,0,0,0,63.72,74.34,53.1
2329,0,FeA,0,4,0,0,0,67.26,74.34,53.1
2330,0,FeA,0,4,0,0,0,70.8,74.34,53.1
2331,0,FeA,0,4,0,0,0,74.34,74.34,53.1
